{
    "D": [
        "D0"
    ],
    "D_loc": {
        "D0": [
            95.04442390806265,
            55.07334091468522
        ]
    },
    "E": [
        "E0"
    ],
    "E_loc": {
        "E0": [
            95.04442390806265,
            55.07334091468522
        ]
    },
    "K": [
        "K0",
        "K1"
    ],
    "L": 60,
    "N": [
        "T0",
        "T1",
        "D0",
        "S0",
        "E0"
    ],
    "N_loc": {
        "D0": [
            95.04442390806265,
            55.07334091468522
        ],
        "E0": [
            95.04442390806265,
            55.07334091468522
        ],
        "S0": [
            95.04442390806265,
            55.07334091468522
        ],
        "T0": [
            9.949376854797853,
            25.75773122946624
        ],
        "T1": [
            41.53958476293311,
            52.04365979861995
        ]
    },
    "S": [
        "S0"
    ],
    "S_loc": {
        "S0": [
            95.04442390806265,
            55.07334091468522
        ]
    },
    "T": [
        "T0",
        "T1"
    ],
    "T_loc": {
        "T0": [
            9.949376854797853,
            25.75773122946624
        ],
        "T1": [
            41.53958476293311,
            52.04365979861995
        ]
    },
    "T_max": 50,
    "arc_ub": {
        "D0:E0:K0": 1,
        "D0:E0:K1": 1,
        "D0:S0:K0": 1,
        "D0:S0:K1": 1,
        "D0:T0:K0": 1,
        "D0:T0:K1": 1,
        "D0:T1:K0": 1,
        "D0:T1:K1": 1,
        "E0:D0:K0": 1,
        "E0:D0:K1": 1,
        "E0:S0:K0": 1,
        "E0:S0:K1": 1,
        "E0:T0:K0": 1,
        "E0:T0:K1": 1,
        "E0:T1:K0": 1,
        "E0:T1:K1": 1,
        "S0:D0:K0": 1,
        "S0:D0:K1": 1,
        "S0:E0:K0": 1,
        "S0:E0:K1": 1,
        "S0:T0:K0": 1,
        "S0:T0:K1": 1,
        "S0:T1:K0": 1,
        "S0:T1:K1": 1,
        "T0:D0:K0": 1,
        "T0:D0:K1": 1,
        "T0:E0:K0": 1,
        "T0:E0:K1": 1,
        "T0:S0:K0": 1,
        "T0:S0:K1": 1,
        "T0:T1:K0": 1,
        "T0:T1:K1": 1,
        "T1:D0:K0": 1,
        "T1:D0:K1": 1,
        "T1:E0:K0": 1,
        "T1:E0:K1": 1,
        "T1:S0:K0": 1,
        "T1:S0:K1": 1,
        "T1:T0:K0": 1,
        "T1:T0:K1": 1
    },
    "arcs": [
        [
            "T0",
            "T1",
            "K0"
        ],
        [
            "T0",
            "T1",
            "K1"
        ],
        [
            "T0",
            "D0",
            "K0"
        ],
        [
            "T0",
            "D0",
            "K1"
        ],
        [
            "T0",
            "S0",
            "K0"
        ],
        [
            "T0",
            "S0",
            "K1"
        ],
        [
            "T0",
            "E0",
            "K0"
        ],
        [
            "T0",
            "E0",
            "K1"
        ],
        [
            "T1",
            "T0",
            "K0"
        ],
        [
            "T1",
            "T0",
            "K1"
        ],
        [
            "T1",
            "D0",
            "K0"
        ],
        [
            "T1",
            "D0",
            "K1"
        ],
        [
            "T1",
            "S0",
            "K0"
        ],
        [
            "T1",
            "S0",
            "K1"
        ],
        [
            "T1",
            "E0",
            "K0"
        ],
        [
            "T1",
            "E0",
            "K1"
        ],
        [
            "D0",
            "T0",
            "K0"
        ],
        [
            "D0",
            "T0",
            "K1"
        ],
        [
            "D0",
            "T1",
            "K0"
        ],
        [
            "D0",
            "T1",
            "K1"
        ],
        [
            "D0",
            "S0",
            "K0"
        ],
        [
            "D0",
            "S0",
            "K1"
        ],
        [
            "D0",
            "E0",
            "K0"
        ],
        [
            "D0",
            "E0",
            "K1"
        ],
        [
            "S0",
            "T0",
            "K0"
        ],
        [
            "S0",
            "T0",
            "K1"
        ],
        [
            "S0",
            "T1",
            "K0"
        ],
        [
            "S0",
            "T1",
            "K1"
        ],
        [
            "S0",
            "D0",
            "K0"
        ],
        [
            "S0",
            "D0",
            "K1"
        ],
        [
            "S0",
            "E0",
            "K0"
        ],
        [
            "S0",
            "E0",
            "K1"
        ],
        [
            "E0",
            "T0",
            "K0"
        ],
        [
            "E0",
            "T0",
            "K1"
        ],
        [
            "E0",
            "T1",
            "K0"
        ],
        [
            "E0",
            "T1",
            "K1"
        ],
        [
            "E0",
            "D0",
            "K0"
        ],
        [
            "E0",
            "D0",
            "K1"
        ],
        [
            "E0",
            "S0",
            "K0"
        ],
        [
            "E0",
            "S0",
            "K1"
        ]
    ],
    "c": {
        "D0:E0": 0.0,
        "D0:S0": 0.0,
        "D0:T0": 90.00317774508551,
        "D0:T1": 53.59054748377953,
        "E0:D0": 0.0,
        "E0:S0": 0.0,
        "E0:T0": 90.00317774508551,
        "E0:T1": 53.59054748377953,
        "S0:D0": 0.0,
        "S0:E0": 0.0,
        "S0:T0": 90.00317774508551,
        "S0:T1": 53.59054748377953,
        "T0:D0": 90.00317774508551,
        "T0:E0": 90.00317774508551,
        "T0:S0": 90.00317774508551,
        "T0:T1": 41.096122401290636,
        "T1:D0": 53.59054748377953,
        "T1:E0": 53.59054748377953,
        "T1:S0": 53.59054748377953,
        "T1:T0": 41.096122401290636
    },
    "edges": [
        [
            "T0",
            "T1"
        ],
        [
            "T0",
            "D0"
        ],
        [
            "T0",
            "S0"
        ],
        [
            "T0",
            "E0"
        ],
        [
            "T1",
            "T0"
        ],
        [
            "T1",
            "D0"
        ],
        [
            "T1",
            "S0"
        ],
        [
            "T1",
            "E0"
        ],
        [
            "D0",
            "T0"
        ],
        [
            "D0",
            "T1"
        ],
        [
            "D0",
            "S0"
        ],
        [
            "D0",
            "E0"
        ],
        [
            "S0",
            "T0"
        ],
        [
            "S0",
            "T1"
        ],
        [
            "S0",
            "D0"
        ],
        [
            "S0",
            "E0"
        ],
        [
            "E0",
            "T0"
        ],
        [
            "E0",
            "T1"
        ],
        [
            "E0",
            "D0"
        ],
        [
            "E0",
            "S0"
        ]
    ],
    "f": {
        "D0:E0": 0.0,
        "D0:S0": 0.0,
        "D0:T0": 90.00317774508551,
        "D0:T1": 53.59054748377953,
        "E0:D0": 0.0,
        "E0:S0": 0.0,
        "E0:T0": 90.00317774508551,
        "E0:T1": 53.59054748377953,
        "S0:D0": 0.0,
        "S0:E0": 0.0,
        "S0:T0": 90.00317774508551,
        "S0:T1": 53.59054748377953,
        "T0:D0": 90.00317774508551,
        "T0:E0": 90.00317774508551,
        "T0:S0": 90.00317774508551,
        "T0:T1": 41.096122401290636,
        "T1:D0": 53.59054748377953,
        "T1:E0": 53.59054748377953,
        "T1:S0": 53.59054748377953,
        "T1:T0": 41.096122401290636
    },
    "k_y": [
        [
            "T0",
            "K0"
        ],
        [
            "T0",
            "K1"
        ],
        [
            "T1",
            "K0"
        ],
        [
            "T1",
            "K1"
        ]
    ],
    "noOfDepots": 1,
    "noOfRobots": 2,
    "noOfTasks": 2,