{
    "D": [
        "D0"
    ],
    "D_loc": {
        "D0": [
            84.22668039766624,
            90.62106874113675
        ]
    },
    "E": [
        "E0"
    ],
    "E_loc": {
        "E0": [
            84.22668039766624,
            90.62106874113675
        ]
    },
    "K": [
        "K0",
        "K1"
    ],
    "L": 55,
    "N": [
        "T0",
        "T1",
        "D0",
        "S0",
        "E0"
    ],
    "N_loc": {
        "D0": [
            84.22668039766624,
            90.62106874113675
        ],
        "E0": [
            84.22668039766624,
            90.62106874113675
        ],
        "S0": [
            84.22668039766624,
            90.62106874113675
        ],
        "T0": [
            56.36647148002635,
            87.06566190869638
        ],
        "T1": [
            54.483324167521516,
            25.467184424694167
        ]
    },
    "S": [
        "S0"
    ],
    "S_loc": {
        "S0": [
            84.22668039766624,
            90.62106874113675
        ]
    },
    "T": [
        "T0",
        "T1"
    ],
    "T_loc": {
        "T0": [
            56.36647148002635,
            87.06566190869638
        ],
        "T1": [
            54.483324167521516,
            25.467184424694167
        ]
    },
    "T_max": 60,
    "arc_ub": {
        "D0:E0:K0": 1,
        "D0:E0:K1": 1,
        "D0:S0:K0": 1,
        "D0:S0:K1": 1,
        "D0:T0:K0": 1,
        "D0:T0:K1": 1,
        "D0:T1:K0": 1,
        "D0:T1:K1": 1,
        "E0:D0:K0": 1,
        "E0:D0:K1": 1,
        "E0:S0:K0": 1,
        "E0:S0:K1": 1,
        "E0:T0:K0": 1,
        "E0:T0:K1": 1,
        "E0:T1:K0": 1,
        "E0:T1:K1": 1,
        "S0:D0:K0": 1,
        "S0:D0:K1": 1,
        "S0:E0:K0": 1,
        "S0:E0:K1": 1,
        "S0:T0:K0": 1,
        "S0:T0:K1": 1,
        "S0:T1:K0": 1,
        "S0:T1:K1": 1,
        "T0:D0:K0": 1,
        "T0:D0:K1": 1,
        "T0:E0:K0": 1,
        "T0:E0:K1": 1,
        "T0:S0:K0": 1,
        "T0:S0:K1": 1,
        "T0:T1:K0": 1,
        "T0:T1:K1": 1,
        "T1:D0:K0": 1,
        "T1:D0:K1": 1,
        "T1:E0:K0": 1,
        "T1:E0:K1": 1,
        "T1:S0:K0": 1,
        "T1:S0:K1": 1,
        "T1:T0:K0": 1,
        "T1:T0:K1": 1
    },
    "arcs": [
        [
            "T0",
            "T1",
            "K0"
        ],
        [
            "T0",
            "T1",
            "K1"
        ],
        [
            "T0",
            "D0",
            "K0"
        ],
        [
            "T0",
            "D0",
            "K1"
        ],
        [
            "T0",
            "S0",
            "K0"
        ],
        [
            "T0",
            "S0",
            "K1"
        ],
        [
            "T0",
            "E0",
            "K0"
        ],
        [
            "T0",
            "E0",
            "K1"
        ],
        [
            "T1",
            "T0",
            "K0"
        ],
        [
            "T1",
            "T0",
            "K1"
        ],
        [
            "T1",
            "D0",
            "K0"
        ],
        [
            "T1",
            "D0",
            "K1"
        ],
        [
            "T1",
            "S0",
            "K0"
        ],
        [
            "T1",
            "S0",
            "K1"
        ],
        [
            "T1",
            "E0",
            "K0"
        ],
        [
            "T1",
            "E0",
            "K1"
        ],
        [
            "D0",
            "T0",
            "K0"
        ],
        [
            "D0",
            "T0",
            "K1"
        ],
        [
            "D0",
            "T1",
            "K0"
        ],
        [
            "D0",
            "T1",
            "K1"
        ],
        [
            "D0",
            "S0",
            "K0"
        ],
        [
            "D0",
            "S0",
            "K1"
        ],
        [
            "D0",
            "E0",
            "K0"
        ],
        [
            "D0",
            "E0",
            "K1"
        ],
        [
            "S0",
            "T0",
            "K0"
        ],
        [
            "S0",
            "T0",
            "K1"
        ],
        [
            "S0",
            "T1",
            "K0"
        ],
        [
            "S0",
            "T1",
            "K1"
        ],
        [
            "S0",
            "D0",
            "K0"
        ],
        [
            "S0",
            "D0",
            "K1"
        ],
        [
            "S0",
            "E0",
            "K0"
        ],
        [
            "S0",
            "E0",
            "K1"
        ],
        [
            "E0",
            "T0",
            "K0"
        ],
        [
            "E0",
            "T0",
            "K1"
        ],
        [
            "E0",
            "T1",
            "K0"
        ],
        [
            "E0",
            "T1",
            "K1"
        ],
        [
            "E0",
            "D0",
            "K0"
        ],
        [
            "E0",
            "D0",
            "K1"
        ],
        [
            "E0",
            "S0",
            "K0"
        ],
        [
            "E0",
            "S0",
            "K1"
        ]
    ],
    "c": {
        "D0:E0": 0.0,
        "D0:S0": 0.0,
        "D0:T0": 28.08615599683775,
        "D0:T1": 71.62189526502124,
        "E0:D0": 0.0,
        "E0:S0": 0.0,
        "E0:T0": 28.08615599683775,
        "E0:T1": 71.62189526502124,
        "S0:D0": 0.0,
        "S0:E0": 0.0,
        "S0:T0": 28.08615599683775,
        "S0:T1": 71.62189526502124,
        "T0:D0": 28.08615599683775,
        "T0:E0": 28.08615599683775,
        "T0:S0": 28.08615599683775,
        "T0:T1": 61.62725591933915,
        "T1:D0": 71.62189526502124,
        "T1:E0": 71.62189526502124,
        "T1:S0": 71.62189526502124,
        "T1:T0": 61.62725591933915
    },
    "edges": [
        [
            "T0",
            "T1"
        ],
        [
            "T0",
            "D0"
        ],
        [
            "T0",
            "S0"
        ],
        [
            "T0",
            "E0"
        ],
        [
            "T1",
            "T0"
        ],
        [
            "T1",
            "D0"
        ],
        [
            "T1",
            "S0"
        ],
        [
            "T1",
            "E0"
        ],
        [
            "D0",
            "T0"
        ],
        [
            "D0",
            "T1"
        ],
        [
            "D0",
            "S0"
        ],
        [
            "D0",
            "E0"
        ],
        [
            "S0",
            "T0"
        ],
        [
            "S0",
            "T1"
        ],
        [
            "S0",
            "D0"
        ],
        [
            "S0",
            "E0"
        ],
        [
            "E0",
            "T0"
        ],
        [
            "E0",
            "T1"
        ],
        [
            "E0",
            "D0"
        ],
        [
            "E0",
            "S0"
        ]
    ],
    "f": {
        "D0:E0": 0.0,
        "D0:S0": 0.0,
        "D0:T0": 28.08615599683775,
        "D0:T1": 71.62189526502124,
        "E0:D0": 0.0,
        "E0:S0": 0.0,
        "E0:T0": 28.08615599683775,
        "E0:T1": 71.62189526502124,
        "S0:D0": 0.0,
        "S0:E0": 0.0,
        "S0:T0": 28.08615599683775,
        "S0:T1": 71.62189526502124,
        "T0:D0": 28.08615599683775,
        "T0:E0": 28.08615599683775,
        "T0:S0": 28.08615599683775,
        "T0:T1": 61.62725591933915,
        "T1:D0": 71.62189526502124,
        "T1:E0": 71.62189526502124,
        "T1:S0": 71.62189526502124,
        "T1:T0": 61.62725591933915
    },
    "k_y": [
        [
            "T0",
            "K0"
        ],
        [
            "T0",
            "K1"
        ],
        [
            "T1",
            "K0"
        ],
        [
            "T1",
            "K1"
        ]
    ],
    "noOfDepots": 1,
    "noOfRobots": 2,
    "noOfTasks": 2,