{
    "D": [
        "D0"
    ],
    "D_loc": {
        "D0": [
            99.08104731913706,
            89.13002030833515
        ]
    },
    "E": [
        "E0"
    ],
    "E_loc": {
        "E0": [
            99.08104731913706,
            89.13002030833515
        ]
    },
    "K": [
        "K0",
        "K1"
    ],
    "L": 50,
    "N": [
        "T0",
        "D0",
        "S0",
        "E0"
    ],
    "N_loc": {
        "D0": [
            99.08104731913706,
            89.13002030833515
        ],
        "E0": [
            99.08104731913706,
            89.13002030833515
        ],
        "S0": [
            99.08104731913706,
            89.13002030833515
        ],
        "T0": [
            9.89236365389342,
            45.19560301579053
        ]
    },
    "S": [
        "S0"
    ],
    "S_loc": {
        "S0": [
            99.08104731913706,
            89.13002030833515
        ]
    },
    "T": [
        "T0"
    ],
    "T_loc": {
        "T0": [
            9.89236365389342,
            45.19560301579053
        ]
    },
    "T_max": 70,
    "arc_ub": {
        "D0:E0:K0": 1,
        "D0:E0:K1": 1,
        "D0:S0:K0": 1,
        "D0:S0:K1": 1,
        "D0:T0:K0": 1,
        "D0:T0:K1": 1,
        "E0:D0:K0": 1,
        "E0:D0:K1": 1,
        "E0:S0:K0": 1,
        "E0:S0:K1": 1,
        "E0:T0:K0": 1,
        "E0:T0:K1": 1,
        "S0:D0:K0": 1,
        "S0:D0:K1": 1,
        "S0:E0:K0": 1,
        "S0:E0:K1": 1,
        "S0:T0:K0": 1,
        "S0:T0:K1": 1,
        "T0:D0:K0": 1,
        "T0:D0:K1": 1,
        "T0:E0:K0": 1,
        "T0:E0:K1": 1,
        "T0:S0:K0": 1,
        "T0:S0:K1": 1
    },
    "arcs": [
        [
            "T0",
            "D0",
            "K0"
        ],
        [
            "T0",
            "D0",
            "K1"
        ],
        [
            "T0",
            "S0",
            "K0"
        ],
        [
            "T0",
            "S0",
            "K1"
        ],
        [
            "T0",
            "E0",
            "K0"
        ],
        [
            "T0",
            "E0",
            "K1"
        ],
        [
            "D0",
            "T0",
            "K0"
        ],
        [
            "D0",
            "T0",
            "K1"
        ],
        [
            "D0",
            "S0",
            "K0"
        ],
        [
            "D0",
            "S0",
            "K1"
        ],
        [
            "D0",
            "E0",
            "K0"
        ],
        [
            "D0",
            "E0",
            "K1"
        ],
        [
            "S0",
            "T0",
            "K0"
        ],
        [
            "S0",
            "T0",
            "K1"
        ],
        [
            "S0",
            "D0",
            "K0"
        ],
        [
            "S0",
            "D0",
            "K1"
        ],
        [
            "S0",
            "E0",
            "K0"
        ],
        [
            "S0",
            "E0",
            "K1"
        ],
        [
            "E0",
            "T0",
            "K0"
        ],
        [
            "E0",
            "T0",
            "K1"
        ],
        [
            "E0",
            "D0",
            "K0"
        ],
        [
            "E0",
            "D0",
            "K1"
        ],
        [
            "E0",
            "S0",
            "K0"
        ],
        [
            "E0",
            "S0",
            "K1"
        ]
    ],
    "c": {
        "D0:E0": 0.0,
        "D0:S0": 0.0,
        "D0:T0": 99.42260465696089,
        "E0:D0": 0.0,
        "E0:S0": 0.0,
        "E0:T0": 99.42260465696089,
        "S0:D0": 0.0,
        "S0:E0": 0.0,
        "S0:T0": 99.42260465696089,
        "T0:D0": 99.42260465696089,
        "T0:E0": 99.42260465696089,
        "T0:S0": 99.42260465696089
    },
    "edges": [
        [
            "T0",
            "D0"
        ],
        [
            "T0",
            "S0"
        ],
        [
            "T0",
            "E0"
        ],
        [
            "D0",
            "T0"
        ],
        [
            "D0",
            "S0"
        ],
        [
            "D0",
            "E0"
        ],
        [
            "S0",
            "T0"
        ],
        [
            "S0",
            "D0"
        ],
        [
            "S0",
            "E0"
        ],
        [
            "E0",
            "T0"
        ],
        [
            "E0",
            "D0"
        ],
        [
            "E0",
            "S0"
        ]
    ],
    "f": {
        "D0:E0": 0.0,
        "D0:S0": 0.0,
        "D0:T0": 99.42260465696089,
        "E0:D0": 0.0,
        "E0:S0": 0.0,
        "E0:T0": 99.42260465696089,
        "S0:D0": 0.0,
        "S0:E0": 0.0,
        "S0:T0": 99.42260465696089,
        "T0:D0": 99.42260465696089,
        "T0:E0": 99.42260465696089,
        "T0:S0": 99.42260465696089
    },
    "k_y": [
        [
            "T0",
            "K0"
        ],
        [
            "T0",
            "K1"
        ]
    ],
    "noOfDepots": 1,
    "noOfRobots": 2,
    "noOfTasks": 1,
    "thisSeed": 6348490812213784634,
    "vel": 1
}