instance,F5,F6,F7,F8
R2D1T5Delta50Tmax300Iter9,4.98273,4.98242,4.98242,4.98242
R2D1T5Delta50Tmax450Iter9,4.98273,4.98273,4.98273,4.98229
R2D1T5Delta100Tmax300Iter9,4.98273,4.98273,4.98273,4.98242
R2D1T5Delta125Tmax300Iter9,4.98229,4.98273,4.98273,4.98273
R2D1T5Delta125Tmax600Iter9,4.98273,4.98273,4.98273,4.98229
R2D1T5Delta150Tmax450Iter9,4.98273,4.98235,4.98273,4.98273
R2D1T10Delta50Tmax75Iter0,5.99337,5.99342,5.99342,5.99342
R2D1T10Delta50Tmax300Iter0,9.97855,9.97855,9.97855,9.97854
