{
    "D": [
        "D0"
    ],
    "D_loc": {
        "D0": [
            58.393996728696386,
            53.317229469915915
        ]
    },
    "E": [
        "E0"
    ],
    "E_loc": {
        "E0": [
            58.393996728696386,
            53.317229469915915
        ]
    },
    "K": [
        "K0",
        "K1"
    ],
    "L": 50,
    "N": [
        "T0",
        "D0",
        "S0",
        "E0"
    ],
    "N_loc": {
        "D0": [
            58.393996728696386,
            53.317229469915915
        ],
        "E0": [
            58.393996728696386,
            53.317229469915915
        ],
        "S0": [
            58.393996728696386,
            53.317229469915915
        ],
        "T0": [
            47.57485565363603,
            36.57385260886931
        ]
    },
    "S": [
        "S0"
    ],
    "S_loc": {
        "S0": [
            58.393996728696386,
            53.317229469915915
        ]
    },
    "T": [
        "T0"
    ],
    "T_loc": {
        "T0": [
            47.57485565363603,
            36.57385260886931
        ]
    },
    "T_max": 50,
    "arc_ub": {
        "D0:E0:K0": 1,
        "D0:E0:K1": 1,
        "D0:S0:K0": 1,
        "D0:S0:K1": 1,
        "D0:T0:K0": 1,
        "D0:T0:K1": 1,
        "E0:D0:K0": 1,
        "E0:D0:K1": 1,
        "E0:S0:K0": 1,
        "E0:S0:K1": 1,
        "E0:T0:K0": 1,
        "E0:T0:K1": 1,
        "S0:D0:K0": 1,
        "S0:D0:K1": 1,
        "S0:E0:K0": 1,
        "S0:E0:K1": 1,
        "S0:T0:K0": 1,
        "S0:T0:K1": 1,
        "T0:D0:K0": 1,
        "T0:D0:K1": 1,
        "T0:E0:K0": 1,
        "T0:E0:K1": 1,
        "T0:S0:K0": 1,
        "T0:S0:K1": 1
    },
    "arcs": [
        [
            "T0",
            "D0",
            "K0"
        ],
        [
            "T0",
            "D0",
            "K1"
        ],
        [
            "T0",
            "S0",
            "K0"
        ],
        [
            "T0",
            "S0",
            "K1"
        ],
        [
            "T0",
            "E0",
            "K0"
        ],
        [
            "T0",
            "E0",
            "K1"
        ],
        [
            "D0",
            "T0",
            "K0"
        ],
        [
            "D0",
            "T0",
            "K1"
        ],
        [
            "D0",
            "S0",
            "K0"
        ],
        [
            "D0",
            "S0",
            "K1"
        ],
        [
            "D0",
            "E0",
            "K0"
        ],
        [
            "D0",
            "E0",
            "K1"
        ],
        [
            "S0",
            "T0",
            "K0"
        ],
        [
            "S0",
            "T0",
            "K1"
        ],
        [
            "S0",
            "D0",
            "K0"
        ],
        [
            "S0",
            "D0",
            "K1"
        ],
        [
            "S0",
            "E0",
            "K0"
        ],
        [
            "S0",
            "E0",
            "K1"
        ],
        [
            "E0",
            "T0",
            "K0"
        ],
        [
            "E0",
            "T0",
            "K1"
        ],
        [
            "E0",
            "D0",
            "K0"
        ],
        [
            "E0",
            "D0",
            "K1"
        ],
        [
            "E0",
            "S0",
            "K0"
        ],
        [
            "E0",
            "S0",
            "K1"
        ]
    ],
    "c": {
        "D0:E0": 0.0,
        "D0:S0": 0.0,
        "D0:T0": 19.934755637155153,
        "E0:D0": 0.0,
        "E0:S0": 0.0,
        "E0:T0": 19.934755637155153,
        "S0:D0": 0.0,
        "S0:E0": 0.0,
        "S0:T0": 19.934755637155153,
        "T0:D0": 19.934755637155153,
        "T0:E0": 19.934755637155153,
        "T0:S0": 19.934755637155153
    },
    "edges": [
        [
            "T0",
            "D0"
        ],
        [
            "T0",
            "S0"
        ],
        [
            "T0",
            "E0"
        ],
        [
            "D0",
            "T0"
        ],
        [
            "D0",
            "S0"
        ],
        [
            "D0",
            "E0"
        ],
        [
            "S0",
            "T0"
        ],
        [
            "S0",
            "D0"
        ],
        [
            "S0",
            "E0"
        ],
        [
            "E0",
            "T0"
        ],
        [
            "E0",
            "D0"
        ],
        [
            "E0",
            "S0"
        ]
    ],
    "f": {
        "D0:E0": 0.0,
        "D0:S0": 0.0,
        "D0:T0": 19.934755637155153,
        "E0:D0": 0.0,
        "E0:S0": 0.0,
        "E0:T0": 19.934755637155153,
        "S0:D0": 0.0,
        "S0:E0": 0.0,
        "S0:T0": 19.934755637155153,
        "T0:D0": 19.934755637155153,
        "T0:E0": 19.934755637155153,
        "T0:S0": 19.934755637155153
    },
    "iteration": 0,
    "k_y": [
        [
            "T0",
            "K0"
        ],
        [
            "T0",
            "K1"
        ]
    ],
    "noOfDepots": 1,
    "noOfRobots": 2,
    "noOfTasks": 1,
    "thisSeed": 8952878135085276179,
    "vel": 1
}