{
    "D": [
        "D0"
    ],
    "D_loc": {
        "D0": [
            52.779856276221906,
            93.68400582898563
        ]
    },
    "E": [
        "E0"
    ],
    "E_loc": {
        "E0": [
            52.779856276221906,
            93.68400582898563
        ]
    },
    "K": [
        "K0",
        "K1"
    ],
    "L": 50,
    "N": [
        "T0",
        "D0",
        "S0",
        "E0"
    ],
    "N_loc": {
        "D0": [
            52.779856276221906,
            93.68400582898563
        ],
        "E0": [
            52.779856276221906,
            93.68400582898563
        ],
        "S0": [
            52.779856276221906,
            93.68400582898563
        ],
        "T0": [
            97.75086508372425,
            11.494162296291165
        ]
    },
    "S": [
        "S0"
    ],
    "S_loc": {
        "S0": [
            52.779856276221906,
            93.68400582898563
        ]
    },
    "T": [
        "T0"
    ],
    "T_loc": {
        "T0": [
            97.75086508372425,
            11.494162296291165
        ]
    },
    "T_max": 50,
    "arc_ub": {
        "D0:E0:K0": 1,
        "D0:E0:K1": 1,
        "D0:S0:K0": 1,
        "D0:S0:K1": 1,
        "D0:T0:K0": 1,
        "D0:T0:K1": 1,
        "E0:D0:K0": 1,
        "E0:D0:K1": 1,
        "E0:S0:K0": 1,
        "E0:S0:K1": 1,
        "E0:T0:K0": 1,
        "E0:T0:K1": 1,
        "S0:D0:K0": 1,
        "S0:D0:K1": 1,
        "S0:E0:K0": 1,
        "S0:E0:K1": 1,
        "S0:T0:K0": 1,
        "S0:T0:K1": 1,
        "T0:D0:K0": 1,
        "T0:D0:K1": 1,
        "T0:E0:K0": 1,
        "T0:E0:K1": 1,
        "T0:S0:K0": 1,
        "T0:S0:K1": 1
    },
    "arcs": [
        [
            "T0",
            "D0",
            "K0"
        ],
        [
            "T0",
            "D0",
            "K1"
        ],
        [
            "T0",
            "S0",
            "K0"
        ],
        [
            "T0",
            "S0",
            "K1"
        ],
        [
            "T0",
            "E0",
            "K0"
        ],
        [
            "T0",
            "E0",
            "K1"
        ],
        [
            "D0",
            "T0",
            "K0"
        ],
        [
            "D0",
            "T0",
            "K1"
        ],
        [
            "D0",
            "S0",
            "K0"
        ],
        [
            "D0",
            "S0",
            "K1"
        ],
        [
            "D0",
            "E0",
            "K0"
        ],
        [
            "D0",
            "E0",
            "K1"
        ],
        [
            "S0",
            "T0",
            "K0"
        ],
        [
            "S0",
            "T0",
            "K1"
        ],
        [
            "S0",
            "D0",
            "K0"
        ],
        [
            "S0",
            "D0",
            "K1"
        ],
        [
            "S0",
            "E0",
            "K0"
        ],
        [
            "S0",
            "E0",
            "K1"
        ],
        [
            "E0",
            "T0",
            "K0"
        ],
        [
            "E0",
            "T0",
            "K1"
        ],
        [
            "E0",
            "D0",
            "K0"
        ],
        [
            "E0",
            "D0",
            "K1"
        ],
        [
            "E0",
            "S0",
            "K0"
        ],
        [
            "E0",
            "S0",
            "K1"
        ]
    ],
    "c": {
        "D0:E0": 0.0,
        "D0:S0": 0.0,
        "D0:T0": 93.68864399217897,
        "E0:D0": 0.0,
        "E0:S0": 0.0,
        "E0:T0": 93.68864399217897,
        "S0:D0": 0.0,
        "S0:E0": 0.0,
        "S0:T0": 93.68864399217897,
        "T0:D0": 93.68864399217897,
        "T0:E0": 93.68864399217897,
        "T0:S0": 93.68864399217897
    },
    "edges": [
        [
            "T0",
            "D0"
        ],
        [
            "T0",
            "S0"
        ],
        [
            "T0",
            "E0"
        ],
        [
            "D0",
            "T0"
        ],
        [
            "D0",
            "S0"
        ],
        [
            "D0",
            "E0"
        ],
        [
            "S0",
            "T0"
        ],
        [
            "S0",
            "D0"
        ],
        [
            "S0",
            "E0"
        ],
        [
            "E0",
            "T0"
        ],
        [
            "E0",
            "D0"
        ],
        [
            "E0",
            "S0"
        ]
    ],
    "f": {
        "D0:E0": 0.0,
        "D0:S0": 0.0,
        "D0:T0": 93.68864399217897,
        "E0:D0": 0.0,
        "E0:S0": 0.0,
        "E0:T0": 93.68864399217897,
        "S0:D0": 0.0,
        "S0:E0": 0.0,
        "S0:T0": 93.68864399217897,
        "T0:D0": 93.68864399217897,
        "T0:E0": 93.68864399217897,
        "T0:S0": 93.68864399217897
    },
    "iteration": 1,
    "k_y": [
        [
            "T0",
            "K0"
        ],
        [
            "T0",
            "K1"
        ]
    ],
    "noOfDepots": 1,
    "noOfRobots": 2,
    "noOfTasks": 1,
    "thisSeed": 2673584861511224145,
    "vel": 1
}