{
    "D": [
        "D0"
    ],
    "D_loc": {
        "D0": [
            51.386855653090116,
            50.58327385172605
        ]
    },
    "E": [
        "E0"
    ],
    "E_loc": {
        "E0": [
            51.386855653090116,
            50.58327385172605
        ]
    },
    "K": [
        "K0",
        "K1"
    ],
    "L": 50,
    "N": [
        "T0",
        "T1",
        "T2",
        "D0",
        "S0",
        "E0"
    ],
    "N_loc": {
        "D0": [
            51.386855653090116,
            50.58327385172605
        ],
        "E0": [
            51.386855653090116,
            50.58327385172605
        ],
        "S0": [
            51.386855653090116,
            50.58327385172605
        ],
        "T0": [
            75.2571047962961,
            3.7908518426350124
        ],
        "T1": [
            63.96813869054158,
            32.975893087498484
        ],
        "T2": [
            62.959580854805054,
            90.61683664323672
        ]
    },
    "S": [
        "S0"
    ],
    "S_loc": {
        "S0": [
            51.386855653090116,
            50.58327385172605
        ]
    },
    "T": [
        "T0",
        "T1",
        "T2"
    ],
    "T_loc": {
        "T0": [
            75.2571047962961,
            3.7908518426350124
        ],
        "T1": [
            63.96813869054158,
            32.975893087498484
        ],
        "T2": [
            62.959580854805054,
            90.61683664323672
        ]
    },
    "T_max": 70,
    "arc_ub": {
        "D0:E0:K0": 1,
        "D0:E0:K1": 1,
        "D0:S0:K0": 1,
        "D0:S0:K1": 1,
        "D0:T0:K0": 1,
        "D0:T0:K1": 1,
        "D0:T1:K0": 1,
        "D0:T1:K1": 1,
        "D0:T2:K0": 1,
        "D0:T2:K1": 1,
        "E0:D0:K0": 1,
        "E0:D0:K1": 1,
        "E0:S0:K0": 1,
        "E0:S0:K1": 1,
        "E0:T0:K0": 1,
        "E0:T0:K1": 1,
        "E0:T1:K0": 1,
        "E0:T1:K1": 1,
        "E0:T2:K0": 1,
        "E0:T2:K1": 1,
        "S0:D0:K0": 1,
        "S0:D0:K1": 1,
        "S0:E0:K0": 1,
        "S0:E0:K1": 1,
        "S0:T0:K0": 1,
        "S0:T0:K1": 1,
        "S0:T1:K0": 1,
        "S0:T1:K1": 1,
        "S0:T2:K0": 1,
        "S0:T2:K1": 1,
        "T0:D0:K0": 1,
        "T0:D0:K1": 1,
        "T0:E0:K0": 1,
        "T0:E0:K1": 1,
        "T0:S0:K0": 1,
        "T0:S0:K1": 1,
        "T0:T1:K0": 1,
        "T0:T1:K1": 1,
        "T0:T2:K0": 1,
        "T0:T2:K1": 1,
        "T1:D0:K0": 1,
        "T1:D0:K1": 1,
        "T1:E0:K0": 1,
        "T1:E0:K1": 1,
        "T1:S0:K0": 1,
        "T1:S0:K1": 1,
        "T1:T0:K0": 1,
        "T1:T0:K1": 1,
        "T1:T2:K0": 1,
        "T1:T2:K1": 1,
        "T2:D0:K0": 1,
        "T2:D0:K1": 1,
        "T2:E0:K0": 1,
        "T2:E0:K1": 1,
        "T2:S0:K0": 1,
        "T2:S0:K1": 1,
        "T2:T0:K0": 1,
        "T2:T0:K1": 1,
        "T2:T1:K0": 1,
        "T2:T1:K1": 1
    },
    "arcs": [
        [
            "T0",
            "T1",
            "K0"
        ],
        [
            "T0",
            "T1",
            "K1"
        ],
        [
            "T0",
            "T2",
            "K0"
        ],
        [
            "T0",
            "T2",
            "K1"
        ],
        [
            "T0",
            "D0",
            "K0"
        ],
        [
            "T0",
            "D0",
            "K1"
        ],
        [
            "T0",
            "S0",
            "K0"
        ],
        [
            "T0",
            "S0",
            "K1"
        ],
        [
            "T0",
            "E0",
            "K0"
        ],
        [
            "T0",
            "E0",
            "K1"
        ],
        [
            "T1",
            "T0",
            "K0"
        ],
        [
            "T1",
            "T0",
            "K1"
        ],
        [
            "T1",
            "T2",
            "K0"
        ],
        [
            "T1",
            "T2",
            "K1"
        ],
        [
            "T1",
            "D0",
            "K0"
        ],
        [
            "T1",
            "D0",
            "K1"
        ],
        [
            "T1",
            "S0",
            "K0"
        ],
        [
            "T1",
            "S0",
            "K1"
        ],
        [
            "T1",
            "E0",
            "K0"
        ],
        [
            "T1",
            "E0",
            "K1"
        ],
        [
            "T2",
            "T0",
            "K0"
        ],
        [
            "T2",
            "T0",
            "K1"
        ],
        [
            "T2",
            "T1",
            "K0"
        ],
        [
            "T2",
            "T1",
            "K1"
        ],
        [
            "T2",
            "D0",
            "K0"
        ],
        [
            "T2",
            "D0",
            "K1"
        ],
        [
            "T2",
            "S0",
            "K0"
        ],
        [
            "T2",
            "S0",
            "K1"
        ],
        [
            "T2",
            "E0",
            "K0"
        ],
        [
            "T2",
            "E0",
            "K1"
        ],
        [
            "D0",
            "T0",
            "K0"
        ],
        [
            "D0",
            "T0",
            "K1"
        ],
        [
            "D0",
            "T1",
            "K0"
        ],
        [
            "D0",
            "T1",
            "K1"
        ],
        [
            "D0",
            "T2",
            "K0"
        ],
        [
            "D0",
            "T2",
            "K1"
        ],
        [
            "D0",
            "S0",
            "K0"
        ],
        [
            "D0",
            "S0",
            "K1"
        ],
        [
            "D0",
            "E0",
            "K0"
        ],
        [
            "D0",
            "E0",
            "K1"
        ],
        [
            "S0",
            "T0",
            "K0"
        ],
        [
            "S0",
            "T0",
            "K1"
        ],
        [
            "S0",
            "T1",
            "K0"
        ],
        [
            "S0",
            "T1",
            "K1"
        ],
        [
            "S0",
            "T2",
            "K0"
        ],
        [
            "S0",
            "T2",
            "K1"
        ],
        [
            "S0",
            "D0",
            "K0"
        ],
        [
            "S0",
            "D0",
            "K1"
        ],
        [
            "S0",
            "E0",
            "K0"
        ],
        [
            "S0",
            "E0",
            "K1"
        ],
        [
            "E0",
            "T0",
            "K0"
        ],
        [
            "E0",
            "T0",
            "K1"
        ],
        [
            "E0",
            "T1",
            "K0"
        ],
        [
            "E0",
            "T1",
            "K1"
        ],
        [
            "E0",
            "T2",
            "K0"
        ],
        [
            "E0",
            "T2",
            "K1"
        ],
        [
            "E0",
            "D0",
            "K0"
        ],
        [
            "E0",
            "D0",
            "K1"
        ],
        [
            "E0",
            "S0",
            "K0"
        ],
        [
            "E0",
            "S0",
            "K1"
        ]
    ],
    "c": {
        "D0:E0": 0.0,
        "D0:S0": 0.0,
        "D0:T0": 52.52922569042488,
        "D0:T1": 21.640437616761698,
        "D0:T2": 41.67270231669931,
        "E0:D0": 0.0,
        "E0:S0": 0.0,
        "E0:T0": 52.52922569042488,
        "E0:T1": 21.640437616761698,
        "E0:T2": 41.67270231669931,
        "S0:D0": 0.0,
        "S0:E0": 0.0,
        "S0:T0": 52.52922569042488,
        "S0:T1": 21.640437616761698,
        "S0:T2": 41.67270231669931,
        "T0:D0": 52.52922569042488,
        "T0:E0": 52.52922569042488,
        "T0:S0": 52.52922569042488,
        "T0:T1": 31.292289596660332,