{
    "D": [
        "D0"
    ],
    "D_loc": {
        "D0": [
            60.36475671330239,
            36.72232754192751
        ]
    },
    "E": [
        "E0"
    ],
    "E_loc": {
        "E0": [
            60.36475671330239,
            36.72232754192751
        ]
    },
    "K": [
        "K0",
        "K1"
    ],
    "L": 50,
    "N": [
        "T0",
        "D0",
        "S0",
        "E0"
    ],
    "N_loc": {
        "D0": [
            60.36475671330239,
            36.72232754192751
        ],
        "E0": [
            60.36475671330239,
            36.72232754192751
        ],
        "S0": [
            60.36475671330239,
            36.72232754192751
        ],
        "T0": [
            45.03248216385659,
            89.30618975290736
        ]
    },
    "S": [
        "S0"
    ],
    "S_loc": {
        "S0": [
            60.36475671330239,
            36.72232754192751
        ]
    },
    "T": [
        "T0"
    ],
    "T_loc": {
        "T0": [
            45.03248216385659,
            89.30618975290736
        ]
    },
    "T_max": 60,
    "arc_ub": {
        "D0:E0:K0": 1,
        "D0:E0:K1": 1,
        "D0:S0:K0": 1,
        "D0:S0:K1": 1,
        "D0:T0:K0": 1,
        "D0:T0:K1": 1,
        "E0:D0:K0": 1,
        "E0:D0:K1": 1,
        "E0:S0:K0": 1,
        "E0:S0:K1": 1,
        "E0:T0:K0": 1,
        "E0:T0:K1": 1,
        "S0:D0:K0": 1,
        "S0:D0:K1": 1,
        "S0:E0:K0": 1,
        "S0:E0:K1": 1,
        "S0:T0:K0": 1,
        "S0:T0:K1": 1,
        "T0:D0:K0": 1,
        "T0:D0:K1": 1,
        "T0:E0:K0": 1,
        "T0:E0:K1": 1,
        "T0:S0:K0": 1,
        "T0:S0:K1": 1
    },
    "arcs": [
        [
            "T0",
            "D0",
            "K0"
        ],
        [
            "T0",
            "D0",
            "K1"
        ],
        [
            "T0",
            "S0",
            "K0"
        ],
        [
            "T0",
            "S0",
            "K1"
        ],
        [
            "T0",
            "E0",
            "K0"
        ],
        [
            "T0",
            "E0",
            "K1"
        ],
        [
            "D0",
            "T0",
            "K0"
        ],
        [
            "D0",
            "T0",
            "K1"
        ],
        [
            "D0",
            "S0",
            "K0"
        ],
        [
            "D0",
            "S0",
            "K1"
        ],
        [
            "D0",
            "E0",
            "K0"
        ],
        [
            "D0",
            "E0",
            "K1"
        ],
        [
            "S0",
            "T0",
            "K0"
        ],
        [
            "S0",
            "T0",
            "K1"
        ],
        [
            "S0",
            "D0",
            "K0"
        ],
        [
            "S0",
            "D0",
            "K1"
        ],
        [
            "S0",
            "E0",
            "K0"
        ],
        [
            "S0",
            "E0",
            "K1"
        ],
        [
            "E0",
            "T0",
            "K0"
        ],
        [
            "E0",
            "T0",
            "K1"
        ],
        [
            "E0",
            "D0",
            "K0"
        ],
        [
            "E0",
            "D0",
            "K1"
        ],
        [
            "E0",
            "S0",
            "K0"
        ],
        [
            "E0",
            "S0",
            "K1"
        ]
    ],
    "c": {
        "D0:E0": 0.0,
        "D0:S0": 0.0,
        "D0:T0": 54.77354478106103,
        "E0:D0": 0.0,
        "E0:S0": 0.0,
        "E0:T0": 54.77354478106103,
        "S0:D0": 0.0,
        "S0:E0": 0.0,
        "S0:T0": 54.77354478106103,
        "T0:D0": 54.77354478106103,
        "T0:E0": 54.77354478106103,
        "T0:S0": 54.77354478106103
    },
    "edges": [
        [
            "T0",
            "D0"
        ],
        [
            "T0",
            "S0"
        ],
        [
            "T0",
            "E0"
        ],
        [
            "D0",
            "T0"
        ],
        [
            "D0",
            "S0"
        ],
        [
            "D0",
            "E0"
        ],
        [
            "S0",
            "T0"
        ],
        [
            "S0",
            "D0"
        ],
        [
            "S0",
            "E0"
        ],
        [
            "E0",
            "T0"
        ],
        [
            "E0",
            "D0"
        ],
        [
            "E0",
            "S0"
        ]
    ],
    "f": {
        "D0:E0": 0.0,
        "D0:S0": 0.0,
        "D0:T0": 54.77354478106103,
        "E0:D0": 0.0,
        "E0:S0": 0.0,
        "E0:T0": 54.77354478106103,
        "S0:D0": 0.0,
        "S0:E0": 0.0,
        "S0:T0": 54.77354478106103,
        "T0:D0": 54.77354478106103,
        "T0:E0": 54.77354478106103,
        "T0:S0": 54.77354478106103
    },
    "k_y": [
        [
            "T0",
            "K0"
        ],
        [
            "T0",
            "K1"
        ]
    ],
    "noOfDepots": 1,
    "noOfRobots": 2,
    "noOfTasks": 1,
    "thisSeed": 5749183036905436136,
    "vel": 1
}