{
    "D": [
        "D0"
    ],
    "D_loc": {
        "D0": [
            44.57364965966746,
            90.74465497697338
        ]
    },
    "E": [
        "E0"
    ],
    "E_loc": {
        "E0": [
            44.57364965966746,
            90.74465497697338
        ]
    },
    "K": [
        "K0",
        "K1"
    ],
    "L": 50,
    "N": [
        "T0",
        "D0",
        "S0",
        "E0"
    ],
    "N_loc": {
        "D0": [
            44.57364965966746,
            90.74465497697338
        ],
        "E0": [
            44.57364965966746,
            90.74465497697338
        ],
        "S0": [
            44.57364965966746,
            90.74465497697338
        ],
        "T0": [
            99.81942440344815,
            45.38276671363094
        ]
    },
    "S": [
        "S0"
    ],
    "S_loc": {
        "S0": [
            44.57364965966746,
            90.74465497697338
        ]
    },
    "T": [
        "T0"
    ],
    "T_loc": {
        "T0": [
            99.81942440344815,
            45.38276671363094
        ]
    },
    "T_max": 60,
    "arc_ub": {
        "D0:E0:K0": 1,
        "D0:E0:K1": 1,
        "D0:S0:K0": 1,
        "D0:S0:K1": 1,
        "D0:T0:K0": 1,
        "D0:T0:K1": 1,
        "E0:D0:K0": 1,
        "E0:D0:K1": 1,
        "E0:S0:K0": 1,
        "E0:S0:K1": 1,
        "E0:T0:K0": 1,
        "E0:T0:K1": 1,
        "S0:D0:K0": 1,
        "S0:D0:K1": 1,
        "S0:E0:K0": 1,
        "S0:E0:K1": 1,
        "S0:T0:K0": 1,
        "S0:T0:K1": 1,
        "T0:D0:K0": 1,
        "T0:D0:K1": 1,
        "T0:E0:K0": 1,
        "T0:E0:K1": 1,
        "T0:S0:K0": 1,
        "T0:S0:K1": 1
    },
    "arcs": [
        [
            "T0",
            "D0",
            "K0"
        ],
        [
            "T0",
            "D0",
            "K1"
        ],
        [
            "T0",
            "S0",
            "K0"
        ],
        [
            "T0",
            "S0",
            "K1"
        ],
        [
            "T0",
            "E0",
            "K0"
        ],
        [
            "T0",
            "E0",
            "K1"
        ],
        [
            "D0",
            "T0",
            "K0"
        ],
        [
            "D0",
            "T0",
            "K1"
        ],
        [
            "D0",
            "S0",
            "K0"
        ],
        [
            "D0",
            "S0",
            "K1"
        ],
        [
            "D0",
            "E0",
            "K0"
        ],
        [
            "D0",
            "E0",
            "K1"
        ],
        [
            "S0",
            "T0",
            "K0"
        ],
        [
            "S0",
            "T0",
            "K1"
        ],
        [
            "S0",
            "D0",
            "K0"
        ],
        [
            "S0",
            "D0",
            "K1"
        ],
        [
            "S0",
            "E0",
            "K0"
        ],
        [
            "S0",
            "E0",
            "K1"
        ],
        [
            "E0",
            "T0",
            "K0"
        ],
        [
            "E0",
            "T0",
            "K1"
        ],
        [
            "E0",
            "D0",
            "K0"
        ],
        [
            "E0",
            "D0",
            "K1"
        ],
        [
            "E0",
            "S0",
            "K0"
        ],
        [
            "E0",
            "S0",
            "K1"
        ]
    ],
    "c": {
        "D0:E0": 0.0,
        "D0:S0": 0.0,
        "D0:T0": 71.48284083510197,
        "E0:D0": 0.0,
        "E0:S0": 0.0,
        "E0:T0": 71.48284083510197,
        "S0:D0": 0.0,
        "S0:E0": 0.0,
        "S0:T0": 71.48284083510197,
        "T0:D0": 71.48284083510197,
        "T0:E0": 71.48284083510197,
        "T0:S0": 71.48284083510197
    },
    "edges": [
        [
            "T0",
            "D0"
        ],
        [
            "T0",
            "S0"
        ],
        [
            "T0",
            "E0"
        ],
        [
            "D0",
            "T0"
        ],
        [
            "D0",
            "S0"
        ],
        [
            "D0",
            "E0"
        ],
        [
            "S0",
            "T0"
        ],
        [
            "S0",
            "D0"
        ],
        [
            "S0",
            "E0"
        ],
        [
            "E0",
            "T0"
        ],
        [
            "E0",
            "D0"
        ],
        [
            "E0",
            "S0"
        ]
    ],
    "f": {
        "D0:E0": 0.0,
        "D0:S0": 0.0,
        "D0:T0": 71.48284083510197,
        "E0:D0": 0.0,
        "E0:S0": 0.0,
        "E0:T0": 71.48284083510197,
        "S0:D0": 0.0,
        "S0:E0": 0.0,
        "S0:T0": 71.48284083510197,
        "T0:D0": 71.48284083510197,
        "T0:E0": 71.48284083510197,
        "T0:S0": 71.48284083510197
    },
    "iteration": 0,
    "k_y": [
        [
            "T0",
            "K0"
        ],
        [
            "T0",
            "K1"
        ]
    ],
    "noOfDepots": 1,
    "noOfRobots": 2,
    "noOfTasks": 1,
    "thisSeed": 8004914929176165133,
    "vel": 1
}