{
    "D": [
        "D0"
    ],
    "D_loc": {
        "D0": [
            84.63576795372613,
            10.55279710162429
        ]
    },
    "E": [
        "E0"
    ],
    "E_loc": {
        "E0": [
            84.63576795372613,
            10.55279710162429
        ]
    },
    "K": [
        "K0",
        "K1"
    ],
    "L": 55,
    "N": [
        "T0",
        "D0",
        "S0",
        "E0"
    ],
    "N_loc": {
        "D0": [
            84.63576795372613,
            10.55279710162429
        ],
        "E0": [
            84.63576795372613,
            10.55279710162429
        ],
        "S0": [
            84.63576795372613,
            10.55279710162429
        ],
        "T0": [
            90.30814140950031,
            44.02744824156286
        ]
    },
    "S": [
        "S0"
    ],
    "S_loc": {
        "S0": [
            84.63576795372613,
            10.55279710162429
        ]
    },
    "T": [
        "T0"
    ],
    "T_loc": {
        "T0": [
            90.30814140950031,
            44.02744824156286
        ]
    },
    "T_max": 70,
    "arc_ub": {
        "D0:E0:K0": 1,
        "D0:E0:K1": 1,
        "D0:S0:K0": 1,
        "D0:S0:K1": 1,
        "D0:T0:K0": 1,
        "D0:T0:K1": 1,
        "E0:D0:K0": 1,
        "E0:D0:K1": 1,
        "E0:S0:K0": 1,
        "E0:S0:K1": 1,
        "E0:T0:K0": 1,
        "E0:T0:K1": 1,
        "S0:D0:K0": 1,
        "S0:D0:K1": 1,
        "S0:E0:K0": 1,
        "S0:E0:K1": 1,
        "S0:T0:K0": 1,
        "S0:T0:K1": 1,
        "T0:D0:K0": 1,
        "T0:D0:K1": 1,
        "T0:E0:K0": 1,
        "T0:E0:K1": 1,
        "T0:S0:K0": 1,
        "T0:S0:K1": 1
    },
    "arcs": [
        [
            "T0",
            "D0",
            "K0"
        ],
        [
            "T0",
            "D0",
            "K1"
        ],
        [
            "T0",
            "S0",
            "K0"
        ],
        [
            "T0",
            "S0",
            "K1"
        ],
        [
            "T0",
            "E0",
            "K0"
        ],
        [
            "T0",
            "E0",
            "K1"
        ],
        [
            "D0",
            "T0",
            "K0"
        ],
        [
            "D0",
            "T0",
            "K1"
        ],
        [
            "D0",
            "S0",
            "K0"
        ],
        [
            "D0",
            "S0",
            "K1"
        ],
        [
            "D0",
            "E0",
            "K0"
        ],
        [
            "D0",
            "E0",
            "K1"
        ],
        [
            "S0",
            "T0",
            "K0"
        ],
        [
            "S0",
            "T0",
            "K1"
        ],
        [
            "S0",
            "D0",
            "K0"
        ],
        [
            "S0",
            "D0",
            "K1"
        ],
        [
            "S0",
            "E0",
            "K0"
        ],
        [
            "S0",
            "E0",
            "K1"
        ],
        [
            "E0",
            "T0",
            "K0"
        ],
        [
            "E0",
            "T0",
            "K1"
        ],
        [
            "E0",
            "D0",
            "K0"
        ],
        [
            "E0",
            "D0",
            "K1"
        ],
        [
            "E0",
            "S0",
            "K0"
        ],
        [
            "E0",
            "S0",
            "K1"
        ]
    ],
    "c": {
        "D0:E0": 0.0,
        "D0:S0": 0.0,
        "D0:T0": 33.95184957498431,
        "E0:D0": 0.0,
        "E0:S0": 0.0,
        "E0:T0": 33.95184957498431,
        "S0:D0": 0.0,
        "S0:E0": 0.0,
        "S0:T0": 33.95184957498431,
        "T0:D0": 33.95184957498431,
        "T0:E0": 33.95184957498431,
        "T0:S0": 33.95184957498431
    },
    "edges": [
        [
            "T0",
            "D0"
        ],
        [
            "T0",
            "S0"
        ],
        [
            "T0",
            "E0"
        ],
        [
            "D0",
            "T0"
        ],
        [
            "D0",
            "S0"
        ],
        [
            "D0",
            "E0"
        ],
        [
            "S0",
            "T0"
        ],
        [
            "S0",
            "D0"
        ],
        [
            "S0",
            "E0"
        ],
        [
            "E0",
            "T0"
        ],
        [
            "E0",
            "D0"
        ],
        [
            "E0",
            "S0"
        ]
    ],
    "f": {
        "D0:E0": 0.0,
        "D0:S0": 0.0,
        "D0:T0": 33.95184957498431,
        "E0:D0": 0.0,
        "E0:S0": 0.0,
        "E0:T0": 33.95184957498431,
        "S0:D0": 0.0,
        "S0:E0": 0.0,
        "S0:T0": 33.95184957498431,
        "T0:D0": 33.95184957498431,
        "T0:E0": 33.95184957498431,
        "T0:S0": 33.95184957498431
    },
    "k_y": [
        [
            "T0",
            "K0"
        ],
        [
            "T0",
            "K1"
        ]
    ],
    "noOfDepots": 1,
    "noOfRobots": 2,
    "noOfTasks": 1,
    "thisSeed": 7286070728786893259,
    "vel": 1
}