{
    "D": [
        "D0"
    ],
    "D_loc": {
        "D0": [
            55.39755040128169,
            17.867430519131577
        ]
    },
    "E": [
        "E0"
    ],
    "E_loc": {
        "E0": [
            55.39755040128169,
            17.867430519131577
        ]
    },
    "K": [
        "K0",
        "K1"
    ],
    "L": 50,
    "N": [
        "T0",
        "T1",
        "D0",
        "S0",
        "E0"
    ],
    "N_loc": {
        "D0": [
            55.39755040128169,
            17.867430519131577
        ],
        "E0": [
            55.39755040128169,
            17.867430519131577
        ],
        "S0": [
            55.39755040128169,
            17.867430519131577
        ],
        "T0": [
            11.70846927875131,
            81.4337937101697
        ],
        "T1": [
            8.385849573085846,
            2.470543297746286
        ]
    },
    "S": [
        "S0"
    ],
    "S_loc": {
        "S0": [
            55.39755040128169,
            17.867430519131577
        ]
    },
    "T": [
        "T0",
        "T1"
    ],
    "T_loc": {
        "T0": [
            11.70846927875131,
            81.4337937101697
        ],
        "T1": [
            8.385849573085846,
            2.470543297746286
        ]
    },
    "T_max": 60,
    "arc_ub": {
        "D0:E0:K0": 1,
        "D0:E0:K1": 1,
        "D0:S0:K0": 1,
        "D0:S0:K1": 1,
        "D0:T0:K0": 1,
        "D0:T0:K1": 1,
        "D0:T1:K0": 1,
        "D0:T1:K1": 1,
        "E0:D0:K0": 1,
        "E0:D0:K1": 1,
        "E0:S0:K0": 1,
        "E0:S0:K1": 1,
        "E0:T0:K0": 1,
        "E0:T0:K1": 1,
        "E0:T1:K0": 1,
        "E0:T1:K1": 1,
        "S0:D0:K0": 1,
        "S0:D0:K1": 1,
        "S0:E0:K0": 1,
        "S0:E0:K1": 1,
        "S0:T0:K0": 1,
        "S0:T0:K1": 1,
        "S0:T1:K0": 1,
        "S0:T1:K1": 1,
        "T0:D0:K0": 1,
        "T0:D0:K1": 1,
        "T0:E0:K0": 1,
        "T0:E0:K1": 1,
        "T0:S0:K0": 1,
        "T0:S0:K1": 1,
        "T0:T1:K0": 1,
        "T0:T1:K1": 1,
        "T1:D0:K0": 1,
        "T1:D0:K1": 1,
        "T1:E0:K0": 1,
        "T1:E0:K1": 1,
        "T1:S0:K0": 1,
        "T1:S0:K1": 1,
        "T1:T0:K0": 1,
        "T1:T0:K1": 1
    },
    "arcs": [
        [
            "T0",
            "T1",
            "K0"
        ],
        [
            "T0",
            "T1",
            "K1"
        ],
        [
            "T0",
            "D0",
            "K0"
        ],
        [
            "T0",
            "D0",
            "K1"
        ],
        [
            "T0",
            "S0",
            "K0"
        ],
        [
            "T0",
            "S0",
            "K1"
        ],
        [
            "T0",
            "E0",
            "K0"
        ],
        [
            "T0",
            "E0",
            "K1"
        ],
        [
            "T1",
            "T0",
            "K0"
        ],
        [
            "T1",
            "T0",
            "K1"
        ],
        [
            "T1",
            "D0",
            "K0"
        ],
        [
            "T1",
            "D0",
            "K1"
        ],
        [
            "T1",
            "S0",
            "K0"
        ],
        [
            "T1",
            "S0",
            "K1"
        ],
        [
            "T1",
            "E0",
            "K0"
        ],
        [
            "T1",
            "E0",
            "K1"
        ],
        [
            "D0",
            "T0",
            "K0"
        ],
        [
            "D0",
            "T0",
            "K1"
        ],
        [
            "D0",
            "T1",
            "K0"
        ],
        [
            "D0",
            "T1",
            "K1"
        ],
        [
            "D0",
            "S0",
            "K0"
        ],
        [
            "D0",
            "S0",
            "K1"
        ],
        [
            "D0",
            "E0",
            "K0"
        ],
        [
            "D0",
            "E0",
            "K1"
        ],
        [
            "S0",
            "T0",
            "K0"
        ],
        [
            "S0",
            "T0",
            "K1"
        ],
        [
            "S0",
            "T1",
            "K0"
        ],
        [
            "S0",
            "T1",
            "K1"
        ],
        [
            "S0",
            "D0",
            "K0"
        ],
        [
            "S0",
            "D0",
            "K1"
        ],
        [
            "S0",
            "E0",
            "K0"
        ],
        [
            "S0",
            "E0",
            "K1"
        ],
        [
            "E0",
            "T0",
            "K0"
        ],
        [
            "E0",
            "T0",
            "K1"
        ],
        [
            "E0",
            "T1",
            "K0"
        ],
        [
            "E0",
            "T1",
            "K1"
        ],
        [
            "E0",
            "D0",
            "K0"
        ],
        [
            "E0",
            "D0",
            "K1"
        ],
        [
            "E0",
            "S0",
            "K0"
        ],
        [
            "E0",
            "S0",
            "K1"
        ]
    ],
    "c": {
        "D0:E0": 0.0,
        "D0:S0": 0.0,
        "D0:T0": 77.13247266013198,
        "D0:T1": 49.468819986612246,
        "E0:D0": 0.0,
        "E0:S0": 0.0,
        "E0:T0": 77.13247266013198,
        "E0:T1": 49.468819986612246,
        "S0:D0": 0.0,
        "S0:E0": 0.0,
        "S0:T0": 77.13247266013198,
        "S0:T1": 49.468819986612246,
        "T0:D0": 77.13247266013198,
        "T0:E0": 77.13247266013198,
        "T0:S0": 77.13247266013198,
        "T0:T1": 79.03312417843269,
        "T1:D0": 49.468819986612246,
        "T1:E0": 49.468819986612246,
        "T1:S0": 49.468819986612246,
        "T1:T0": 79.03312417843269
    },
    "edges": [
        [
            "T0",
            "T1"
        ],
        [
            "T0",
            "D0"
        ],
        [
            "T0",
            "S0"
        ],
        [
            "T0",
            "E0"
        ],
        [
            "T1",
            "T0"
        ],
        [
            "T1",
            "D0"
        ],
        [
            "T1",
            "S0"
        ],
        [
            "T1",
            "E0"
        ],
        [
            "D0",
            "T0"
        ],
        [
            "D0",
            "T1"
        ],
        [
            "D0",
            "S0"
        ],
        [
            "D0",
            "E0"
        ],
        [
            "S0",
            "T0"
        ],
        [
            "S0",
            "T1"
        ],
        [
            "S0",
            "D0"
        ],
        [
            "S0",
            "E0"
        ],
        [
            "E0",
            "T0"
        ],
        [
            "E0",
            "T1"
        ],
        [
            "E0",
            "D0"
        ],
        [
            "E0",
            "S0"
        ]
    ],
    "f": {
        "D0:E0": 0.0,
        "D0:S0": 0.0,
        "D0:T0": 77.13247266013198,
        "D0:T1": 49.468819986612246,
        "E0:D0": 0.0,
        "E0:S0": 0.0,
        "E0:T0": 77.13247266013198,
        "E0:T1": 49.468819986612246,
        "S0:D0": 0.0,
        "S0:E0": 0.0,
        "S0:T0": 77.13247266013198,
        "S0:T1": 49.468819986612246,
        "T0:D0": 77.13247266013198,
        "T0:E0": 77.13247266013198,
        "T0:S0": 77.13247266013198,
        "T0:T1": 79.03312417843269,
        "T1:D0": 49.468819986612246,
        "T1:E0": 49.468819986612246,
        "T1:S0": 49.468819986612246,
        "T1:T0": 79.03312417843269
    },
    "k_y": [
        [
            "T0",
            "K0"
        ],
        [
            "T0",
            "K1"
        ],
        [
            "T1",
            "K0"
        ],
        [
            "T1",
            "K1"
        ]
    ],
    "noOfDepots": 1,
    "noOfRobots": 2,
    "noOfTasks": 2,