{
    "D": [
        "D0"
    ],
    "D_loc": {
        "D0": [
            11.282088305472971,
            89.86866844338115
        ]
    },
    "E": [
        "E0"
    ],
    "E_loc": {
        "E0": [
            11.282088305472971,
            89.86866844338115
        ]
    },
    "K": [
        "K0",
        "K1"
    ],
    "L": 50,
    "N": [
        "T0",
        "T1",
        "T2",
        "D0",
        "S0",
        "E0"
    ],
    "N_loc": {
        "D0": [
            11.282088305472971,
            89.86866844338115
        ],
        "E0": [
            11.282088305472971,
            89.86866844338115
        ],
        "S0": [
            11.282088305472971,
            89.86866844338115
        ],
        "T0": [
            13.122501086753447,
            1.2351567417127618
        ],
        "T1": [
            66.26647003518569,
            75.23424023916489
        ],
        "T2": [
            28.543286821504232,
            96.87634656706369
        ]
    },
    "S": [
        "S0"
    ],
    "S_loc": {
        "S0": [
            11.282088305472971,
            89.86866844338115
        ]
    },
    "T": [
        "T0",
        "T1",
        "T2"
    ],
    "T_loc": {
        "T0": [
            13.122501086753447,
            1.2351567417127618
        ],
        "T1": [
            66.26647003518569,
            75.23424023916489
        ],
        "T2": [
            28.543286821504232,
            96.87634656706369
        ]
    },
    "T_max": 60,
    "arc_ub": {
        "D0:E0:K0": 1,
        "D0:E0:K1": 1,
        "D0:S0:K0": 1,
        "D0:S0:K1": 1,
        "D0:T0:K0": 1,
        "D0:T0:K1": 1,
        "D0:T1:K0": 1,
        "D0:T1:K1": 1,
        "D0:T2:K0": 1,
        "D0:T2:K1": 1,
        "E0:D0:K0": 1,
        "E0:D0:K1": 1,
        "E0:S0:K0": 1,
        "E0:S0:K1": 1,
        "E0:T0:K0": 1,
        "E0:T0:K1": 1,
        "E0:T1:K0": 1,
        "E0:T1:K1": 1,
        "E0:T2:K0": 1,
        "E0:T2:K1": 1,
        "S0:D0:K0": 1,
        "S0:D0:K1": 1,
        "S0:E0:K0": 1,
        "S0:E0:K1": 1,
        "S0:T0:K0": 1,
        "S0:T0:K1": 1,
        "S0:T1:K0": 1,
        "S0:T1:K1": 1,
        "S0:T2:K0": 1,
        "S0:T2:K1": 1,
        "T0:D0:K0": 1,
        "T0:D0:K1": 1,
        "T0:E0:K0": 1,
        "T0:E0:K1": 1,
        "T0:S0:K0": 1,
        "T0:S0:K1": 1,
        "T0:T1:K0": 1,
        "T0:T1:K1": 1,
        "T0:T2:K0": 1,
        "T0:T2:K1": 1,
        "T1:D0:K0": 1,
        "T1:D0:K1": 1,
        "T1:E0:K0": 1,
        "T1:E0:K1": 1,
        "T1:S0:K0": 1,
        "T1:S0:K1": 1,
        "T1:T0:K0": 1,
        "T1:T0:K1": 1,
        "T1:T2:K0": 1,
        "T1:T2:K1": 1,
        "T2:D0:K0": 1,
        "T2:D0:K1": 1,
        "T2:E0:K0": 1,
        "T2:E0:K1": 1,
        "T2:S0:K0": 1,
        "T2:S0:K1": 1,
        "T2:T0:K0": 1,
        "T2:T0:K1": 1,
        "T2:T1:K0": 1,
        "T2:T1:K1": 1
    },
    "arcs": [
        [
            "T0",
            "T1",
            "K0"
        ],
        [
            "T0",
            "T1",
            "K1"
        ],
        [
            "T0",
            "T2",
            "K0"
        ],
        [
            "T0",
            "T2",
            "K1"
        ],
        [
            "T0",
            "D0",
            "K0"
        ],
        [
            "T0",
            "D0",
            "K1"
        ],
        [
            "T0",
            "S0",
            "K0"
        ],
        [
            "T0",
            "S0",
            "K1"
        ],
        [
            "T0",
            "E0",
            "K0"
        ],
        [
            "T0",
            "E0",
            "K1"
        ],
        [
            "T1",
            "T0",
            "K0"
        ],
        [
            "T1",
            "T0",
            "K1"
        ],
        [
            "T1",
            "T2",
            "K0"
        ],
        [
            "T1",
            "T2",
            "K1"
        ],
        [
            "T1",
            "D0",
            "K0"
        ],
        [
            "T1",
            "D0",
            "K1"
        ],
        [
            "T1",
            "S0",
            "K0"
        ],
        [
            "T1",
            "S0",
            "K1"
        ],
        [
            "T1",
            "E0",
            "K0"
        ],
        [
            "T1",
            "E0",
            "K1"
        ],
        [
            "T2",
            "T0",
            "K0"
        ],
        [
            "T2",
            "T0",
            "K1"
        ],
        [
            "T2",
            "T1",
            "K0"
        ],
        [
            "T2",
            "T1",
            "K1"
        ],
        [
            "T2",
            "D0",
            "K0"
        ],
        [
            "T2",
            "D0",
            "K1"
        ],
        [
            "T2",
            "S0",
            "K0"
        ],
        [
            "T2",
            "S0",
            "K1"
        ],
        [
            "T2",
            "E0",
            "K0"
        ],
        [
            "T2",
            "E0",
            "K1"
        ],
        [
            "D0",
            "T0",
            "K0"
        ],
        [
            "D0",
            "T0",
            "K1"
        ],
        [
            "D0",
            "T1",
            "K0"
        ],
        [
            "D0",
            "T1",
            "K1"
        ],
        [
            "D0",
            "T2",
            "K0"
        ],
        [
            "D0",
            "T2",
            "K1"
        ],
        [
            "D0",
            "S0",
            "K0"
        ],
        [
            "D0",
            "S0",
            "K1"
        ],
        [
            "D0",
            "E0",
            "K0"
        ],
        [
            "D0",
            "E0",
            "K1"
        ],
        [
            "S0",
            "T0",
            "K0"
        ],
        [
            "S0",
            "T0",
            "K1"
        ],
        [
            "S0",
            "T1",
            "K0"
        ],
        [
            "S0",
            "T1",
            "K1"
        ],
        [
            "S0",
            "T2",
            "K0"
        ],
        [
            "S0",
            "T2",
            "K1"
        ],
        [
            "S0",
            "D0",
            "K0"
        ],
        [
            "S0",
            "D0",
            "K1"
        ],
        [
            "S0",
            "E0",
            "K0"
        ],
        [
            "S0",
            "E0",
            "K1"
        ],
        [
            "E0",
            "T0",
            "K0"
        ],
        [
            "E0",
            "T0",
            "K1"
        ],
        [
            "E0",
            "T1",
            "K0"
        ],
        [
            "E0",
            "T1",
            "K1"
        ],
        [
            "E0",
            "T2",
            "K0"
        ],
        [
            "E0",
            "T2",
            "K1"
        ],
        [
            "E0",
            "D0",
            "K0"
        ],
        [
            "E0",
            "D0",
            "K1"
        ],
        [
            "E0",
            "S0",
            "K0"
        ],
        [
            "E0",
            "S0",
            "K1"
        ]
    ],
    "c": {
        "D0:E0": 0.0,
        "D0:S0": 0.0,
        "D0:T0": 88.65261708362189,
        "D0:T1": 56.898582786068815,
        "D0:T2": 18.629453209769164,
        "E0:D0": 0.0,
        "E0:S0": 0.0,
        "E0:T0": 88.65261708362189,
        "E0:T1": 56.898582786068815,
        "E0:T2": 18.629453209769164,
        "S0:D0": 0.0,
        "S0:E0": 0.0,
        "S0:T0": 88.65261708362189,
        "S0:T1": 56.898582786068815,
        "S0:T2": 18.629453209769164,
        "T0:D0": 88.65261708362189,
        "T0:E0": 88.65261708362189,
        "T0:S0": 88.65261708362189,
        "T0:T1": 91.10513593675618,