{
    "D": [
        "D0"
    ],
    "D_loc": {
        "D0": [
            1.044922447833574,
            99.76843211548263
        ]
    },
    "E": [
        "E0"
    ],
    "E_loc": {
        "E0": [
            1.044922447833574,
            99.76843211548263
        ]
    },
    "K": [
        "K0",
        "K1"
    ],
    "L": 60,
    "N": [
        "T0",
        "T1",
        "D0",
        "S0",
        "E0"
    ],
    "N_loc": {
        "D0": [
            1.044922447833574,
            99.76843211548263
        ],
        "E0": [
            1.044922447833574,
            99.76843211548263
        ],
        "S0": [
            1.044922447833574,
            99.76843211548263
        ],
        "T0": [
            41.512286578219594,
            60.41195206566171
        ],
        "T1": [
            60.237060491257665,
            23.467206959785102
        ]
    },
    "S": [
        "S0"
    ],
    "S_loc": {
        "S0": [
            1.044922447833574,
            99.76843211548263
        ]
    },
    "T": [
        "T0",
        "T1"
    ],
    "T_loc": {
        "T0": [
            41.512286578219594,
            60.41195206566171
        ],
        "T1": [
            60.237060491257665,
            23.467206959785102
        ]
    },
    "T_max": 60,
    "arc_ub": {
        "D0:E0:K0": 1,
        "D0:E0:K1": 1,
        "D0:S0:K0": 1,
        "D0:S0:K1": 1,
        "D0:T0:K0": 1,
        "D0:T0:K1": 1,
        "D0:T1:K0": 1,
        "D0:T1:K1": 1,
        "E0:D0:K0": 1,
        "E0:D0:K1": 1,
        "E0:S0:K0": 1,
        "E0:S0:K1": 1,
        "E0:T0:K0": 1,
        "E0:T0:K1": 1,
        "E0:T1:K0": 1,
        "E0:T1:K1": 1,
        "S0:D0:K0": 1,
        "S0:D0:K1": 1,
        "S0:E0:K0": 1,
        "S0:E0:K1": 1,
        "S0:T0:K0": 1,
        "S0:T0:K1": 1,
        "S0:T1:K0": 1,
        "S0:T1:K1": 1,
        "T0:D0:K0": 1,
        "T0:D0:K1": 1,
        "T0:E0:K0": 1,
        "T0:E0:K1": 1,
        "T0:S0:K0": 1,
        "T0:S0:K1": 1,
        "T0:T1:K0": 1,
        "T0:T1:K1": 1,
        "T1:D0:K0": 1,
        "T1:D0:K1": 1,
        "T1:E0:K0": 1,
        "T1:E0:K1": 1,
        "T1:S0:K0": 1,
        "T1:S0:K1": 1,
        "T1:T0:K0": 1,
        "T1:T0:K1": 1
    },
    "arcs": [
        [
            "T0",
            "T1",
            "K0"
        ],
        [
            "T0",
            "T1",
            "K1"
        ],
        [
            "T0",
            "D0",
            "K0"
        ],
        [
            "T0",
            "D0",
            "K1"
        ],
        [
            "T0",
            "S0",
            "K0"
        ],
        [
            "T0",
            "S0",
            "K1"
        ],
        [
            "T0",
            "E0",
            "K0"
        ],
        [
            "T0",
            "E0",
            "K1"
        ],
        [
            "T1",
            "T0",
            "K0"
        ],
        [
            "T1",
            "T0",
            "K1"
        ],
        [
            "T1",
            "D0",
            "K0"
        ],
        [
            "T1",
            "D0",
            "K1"
        ],
        [
            "T1",
            "S0",
            "K0"
        ],
        [
            "T1",
            "S0",
            "K1"
        ],
        [
            "T1",
            "E0",
            "K0"
        ],
        [
            "T1",
            "E0",
            "K1"
        ],
        [
            "D0",
            "T0",
            "K0"
        ],
        [
            "D0",
            "T0",
            "K1"
        ],
        [
            "D0",
            "T1",
            "K0"
        ],
        [
            "D0",
            "T1",
            "K1"
        ],
        [
            "D0",
            "S0",
            "K0"
        ],
        [
            "D0",
            "S0",
            "K1"
        ],
        [
            "D0",
            "E0",
            "K0"
        ],
        [
            "D0",
            "E0",
            "K1"
        ],
        [
            "S0",
            "T0",
            "K0"
        ],
        [
            "S0",
            "T0",
            "K1"
        ],
        [
            "S0",
            "T1",
            "K0"
        ],
        [
            "S0",
            "T1",
            "K1"
        ],
        [
            "S0",
            "D0",
            "K0"
        ],
        [
            "S0",
            "D0",
            "K1"
        ],
        [
            "S0",
            "E0",
            "K0"
        ],
        [
            "S0",
            "E0",
            "K1"
        ],
        [
            "E0",
            "T0",
            "K0"
        ],
        [
            "E0",
            "T0",
            "K1"
        ],
        [
            "E0",
            "T1",
            "K0"
        ],
        [
            "E0",
            "T1",
            "K1"
        ],
        [
            "E0",
            "D0",
            "K0"
        ],
        [
            "E0",
            "D0",
            "K1"
        ],
        [
            "E0",
            "S0",
            "K0"
        ],
        [
            "E0",
            "S0",
            "K1"
        ]
    ],
    "c": {
        "D0:E0": 0.0,
        "D0:S0": 0.0,
        "D0:T0": 56.449447132573454,
        "D0:T1": 96.56907458608177,
        "E0:D0": 0.0,
        "E0:S0": 0.0,
        "E0:T0": 56.449447132573454,
        "E0:T1": 96.56907458608177,
        "S0:D0": 0.0,
        "S0:E0": 0.0,
        "S0:T0": 56.449447132573454,
        "S0:T1": 96.56907458608177,
        "T0:D0": 56.449447132573454,
        "T0:E0": 56.449447132573454,
        "T0:S0": 56.449447132573454,
        "T0:T1": 41.41897329766377,
        "T1:D0": 96.56907458608177,
        "T1:E0": 96.56907458608177,
        "T1:S0": 96.56907458608177,
        "T1:T0": 41.41897329766377
    },
    "edges": [
        [
            "T0",
            "T1"
        ],
        [
            "T0",
            "D0"
        ],
        [
            "T0",
            "S0"
        ],
        [
            "T0",
            "E0"
        ],
        [
            "T1",
            "T0"
        ],
        [
            "T1",
            "D0"
        ],
        [
            "T1",
            "S0"
        ],
        [
            "T1",
            "E0"
        ],
        [
            "D0",
            "T0"
        ],
        [
            "D0",
            "T1"
        ],
        [
            "D0",
            "S0"
        ],
        [
            "D0",
            "E0"
        ],
        [
            "S0",
            "T0"
        ],
        [
            "S0",
            "T1"
        ],
        [
            "S0",
            "D0"
        ],
        [
            "S0",
            "E0"
        ],
        [
            "E0",
            "T0"
        ],
        [
            "E0",
            "T1"
        ],
        [
            "E0",
            "D0"
        ],
        [
            "E0",
            "S0"
        ]
    ],
    "f": {
        "D0:E0": 0.0,
        "D0:S0": 0.0,
        "D0:T0": 56.449447132573454,
        "D0:T1": 96.56907458608177,
        "E0:D0": 0.0,
        "E0:S0": 0.0,
        "E0:T0": 56.449447132573454,
        "E0:T1": 96.56907458608177,
        "S0:D0": 0.0,
        "S0:E0": 0.0,
        "S0:T0": 56.449447132573454,
        "S0:T1": 96.56907458608177,
        "T0:D0": 56.449447132573454,
        "T0:E0": 56.449447132573454,
        "T0:S0": 56.449447132573454,
        "T0:T1": 41.41897329766377,
        "T1:D0": 96.56907458608177,
        "T1:E0": 96.56907458608177,
        "T1:S0": 96.56907458608177,
        "T1:T0": 41.41897329766377
    },
    "k_y": [
        [
            "T0",
            "K0"
        ],
        [
            "T0",
            "K1"
        ],
        [
            "T1",
            "K0"
        ],
        [
            "T1",
            "K1"
        ]
    ],
    "noOfDepots": 1,
    "noOfRobots": 2,
    "noOfTasks": 2,