{
    "D": [
        "D0"
    ],
    "D_loc": {
        "D0": [
            42.19131592218246,
            95.79677108393116
        ]
    },
    "E": [
        "E0"
    ],
    "E_loc": {
        "E0": [
            42.19131592218246,
            95.79677108393116
        ]
    },
    "K": [
        "K0",
        "K1"
    ],
    "L": 55,
    "N": [
        "T0",
        "T1",
        "D0",
        "S0",
        "E0"
    ],
    "N_loc": {
        "D0": [
            42.19131592218246,
            95.79677108393116
        ],
        "E0": [
            42.19131592218246,
            95.79677108393116
        ],
        "S0": [
            42.19131592218246,
            95.79677108393116
        ],
        "T0": [
            16.541660440529416,
            31.04458205139946
        ],
        "T1": [
            25.512275041119416,
            75.21456705797488
        ]
    },
    "S": [
        "S0"
    ],
    "S_loc": {
        "S0": [
            42.19131592218246,
            95.79677108393116
        ]
    },
    "T": [
        "T0",
        "T1"
    ],
    "T_loc": {
        "T0": [
            16.541660440529416,
            31.04458205139946
        ],
        "T1": [
            25.512275041119416,
            75.21456705797488
        ]
    },
    "T_max": 50,
    "arc_ub": {
        "D0:E0:K0": 1,
        "D0:E0:K1": 1,
        "D0:S0:K0": 1,
        "D0:S0:K1": 1,
        "D0:T0:K0": 1,
        "D0:T0:K1": 1,
        "D0:T1:K0": 1,
        "D0:T1:K1": 1,
        "E0:D0:K0": 1,
        "E0:D0:K1": 1,
        "E0:S0:K0": 1,
        "E0:S0:K1": 1,
        "E0:T0:K0": 1,
        "E0:T0:K1": 1,
        "E0:T1:K0": 1,
        "E0:T1:K1": 1,
        "S0:D0:K0": 1,
        "S0:D0:K1": 1,
        "S0:E0:K0": 1,
        "S0:E0:K1": 1,
        "S0:T0:K0": 1,
        "S0:T0:K1": 1,
        "S0:T1:K0": 1,
        "S0:T1:K1": 1,
        "T0:D0:K0": 1,
        "T0:D0:K1": 1,
        "T0:E0:K0": 1,
        "T0:E0:K1": 1,
        "T0:S0:K0": 1,
        "T0:S0:K1": 1,
        "T0:T1:K0": 1,
        "T0:T1:K1": 1,
        "T1:D0:K0": 1,
        "T1:D0:K1": 1,
        "T1:E0:K0": 1,
        "T1:E0:K1": 1,
        "T1:S0:K0": 1,
        "T1:S0:K1": 1,
        "T1:T0:K0": 1,
        "T1:T0:K1": 1
    },
    "arcs": [
        [
            "T0",
            "T1",
            "K0"
        ],
        [
            "T0",
            "T1",
            "K1"
        ],
        [
            "T0",
            "D0",
            "K0"
        ],
        [
            "T0",
            "D0",
            "K1"
        ],
        [
            "T0",
            "S0",
            "K0"
        ],
        [
            "T0",
            "S0",
            "K1"
        ],
        [
            "T0",
            "E0",
            "K0"
        ],
        [
            "T0",
            "E0",
            "K1"
        ],
        [
            "T1",
            "T0",
            "K0"
        ],
        [
            "T1",
            "T0",
            "K1"
        ],
        [
            "T1",
            "D0",
            "K0"
        ],
        [
            "T1",
            "D0",
            "K1"
        ],
        [
            "T1",
            "S0",
            "K0"
        ],
        [
            "T1",
            "S0",
            "K1"
        ],
        [
            "T1",
            "E0",
            "K0"
        ],
        [
            "T1",
            "E0",
            "K1"
        ],
        [
            "D0",
            "T0",
            "K0"
        ],
        [
            "D0",
            "T0",
            "K1"
        ],
        [
            "D0",
            "T1",
            "K0"
        ],
        [
            "D0",
            "T1",
            "K1"
        ],
        [
            "D0",
            "S0",
            "K0"
        ],
        [
            "D0",
            "S0",
            "K1"
        ],
        [
            "D0",
            "E0",
            "K0"
        ],
        [
            "D0",
            "E0",
            "K1"
        ],
        [
            "S0",
            "T0",
            "K0"
        ],
        [
            "S0",
            "T0",
            "K1"
        ],
        [
            "S0",
            "T1",
            "K0"
        ],
        [
            "S0",
            "T1",
            "K1"
        ],
        [
            "S0",
            "D0",
            "K0"
        ],
        [
            "S0",
            "D0",
            "K1"
        ],
        [
            "S0",
            "E0",
            "K0"
        ],
        [
            "S0",
            "E0",
            "K1"
        ],
        [
            "E0",
            "T0",
            "K0"
        ],
        [
            "E0",
            "T0",
            "K1"
        ],
        [
            "E0",
            "T1",
            "K0"
        ],
        [
            "E0",
            "T1",
            "K1"
        ],
        [
            "E0",
            "D0",
            "K0"
        ],
        [
            "E0",
            "D0",
            "K1"
        ],
        [
            "E0",
            "S0",
            "K0"
        ],
        [
            "E0",
            "S0",
            "K1"
        ]
    ],
    "c": {
        "D0:E0": 0.0,
        "D0:S0": 0.0,
        "D0:T0": 69.6473316849412,
        "D0:T1": 26.491838880648952,
        "E0:D0": 0.0,
        "E0:S0": 0.0,
        "E0:T0": 69.6473316849412,
        "E0:T1": 26.491838880648952,
        "S0:D0": 0.0,
        "S0:E0": 0.0,
        "S0:T0": 69.6473316849412,
        "S0:T1": 26.491838880648952,
        "T0:D0": 69.6473316849412,
        "T0:E0": 69.6473316849412,
        "T0:S0": 69.6473316849412,
        "T0:T1": 45.07171509709183,
        "T1:D0": 26.491838880648952,
        "T1:E0": 26.491838880648952,
        "T1:S0": 26.491838880648952,
        "T1:T0": 45.07171509709183
    },
    "edges": [
        [
            "T0",
            "T1"
        ],
        [
            "T0",
            "D0"
        ],
        [
            "T0",
            "S0"
        ],
        [
            "T0",
            "E0"
        ],
        [
            "T1",
            "T0"
        ],
        [
            "T1",
            "D0"
        ],
        [
            "T1",
            "S0"
        ],
        [
            "T1",
            "E0"
        ],
        [
            "D0",
            "T0"
        ],
        [
            "D0",
            "T1"
        ],
        [
            "D0",
            "S0"
        ],
        [
            "D0",
            "E0"
        ],
        [
            "S0",
            "T0"
        ],
        [
            "S0",
            "T1"
        ],
        [
            "S0",
            "D0"
        ],
        [
            "S0",
            "E0"
        ],
        [
            "E0",
            "T0"
        ],
        [
            "E0",
            "T1"
        ],
        [
            "E0",
            "D0"
        ],
        [
            "E0",
            "S0"
        ]
    ],
    "f": {
        "D0:E0": 0.0,
        "D0:S0": 0.0,
        "D0:T0": 69.6473316849412,
        "D0:T1": 26.491838880648952,
        "E0:D0": 0.0,
        "E0:S0": 0.0,
        "E0:T0": 69.6473316849412,
        "E0:T1": 26.491838880648952,
        "S0:D0": 0.0,
        "S0:E0": 0.0,
        "S0:T0": 69.6473316849412,
        "S0:T1": 26.491838880648952,
        "T0:D0": 69.6473316849412,
        "T0:E0": 69.6473316849412,
        "T0:S0": 69.6473316849412,
        "T0:T1": 45.07171509709183,
        "T1:D0": 26.491838880648952,
        "T1:E0": 26.491838880648952,
        "T1:S0": 26.491838880648952,
        "T1:T0": 45.07171509709183
    },
    "k_y": [
        [
            "T0",
            "K0"
        ],
        [
            "T0",
            "K1"
        ],
        [
            "T1",
            "K0"
        ],
        [
            "T1",
            "K1"
        ]
    ],
    "noOfDepots": 1,
    "noOfRobots": 2,
    "noOfTasks": 2,