{
    "D": [
        "D0"
    ],
    "D_loc": {
        "D0": [
            35.41190584319711,
            2.599560794442024
        ]
    },
    "E": [
        "E0"
    ],
    "E_loc": {
        "E0": [
            35.41190584319711,
            2.599560794442024
        ]
    },
    "K": [
        "K0",
        "K1"
    ],
    "L": 55,
    "N": [
        "T0",
        "D0",
        "S0",
        "E0"
    ],
    "N_loc": {
        "D0": [
            35.41190584319711,
            2.599560794442024
        ],
        "E0": [
            35.41190584319711,
            2.599560794442024
        ],
        "S0": [
            35.41190584319711,
            2.599560794442024
        ],
        "T0": [
            86.6121938490962,
            3.96411804643243
        ]
    },
    "S": [
        "S0"
    ],
    "S_loc": {
        "S0": [
            35.41190584319711,
            2.599560794442024
        ]
    },
    "T": [
        "T0"
    ],
    "T_loc": {
        "T0": [
            86.6121938490962,
            3.96411804643243
        ]
    },
    "T_max": 60,
    "arc_ub": {
        "D0:E0:K0": 1,
        "D0:E0:K1": 1,
        "D0:S0:K0": 1,
        "D0:S0:K1": 1,
        "D0:T0:K0": 1,
        "D0:T0:K1": 1,
        "E0:D0:K0": 1,
        "E0:D0:K1": 1,
        "E0:S0:K0": 1,
        "E0:S0:K1": 1,
        "E0:T0:K0": 1,
        "E0:T0:K1": 1,
        "S0:D0:K0": 1,
        "S0:D0:K1": 1,
        "S0:E0:K0": 1,
        "S0:E0:K1": 1,
        "S0:T0:K0": 1,
        "S0:T0:K1": 1,
        "T0:D0:K0": 1,
        "T0:D0:K1": 1,
        "T0:E0:K0": 1,
        "T0:E0:K1": 1,
        "T0:S0:K0": 1,
        "T0:S0:K1": 1
    },
    "arcs": [
        [
            "T0",
            "D0",
            "K0"
        ],
        [
            "T0",
            "D0",
            "K1"
        ],
        [
            "T0",
            "S0",
            "K0"
        ],
        [
            "T0",
            "S0",
            "K1"
        ],
        [
            "T0",
            "E0",
            "K0"
        ],
        [
            "T0",
            "E0",
            "K1"
        ],
        [
            "D0",
            "T0",
            "K0"
        ],
        [
            "D0",
            "T0",
            "K1"
        ],
        [
            "D0",
            "S0",
            "K0"
        ],
        [
            "D0",
            "S0",
            "K1"
        ],
        [
            "D0",
            "E0",
            "K0"
        ],
        [
            "D0",
            "E0",
            "K1"
        ],
        [
            "S0",
            "T0",
            "K0"
        ],
        [
            "S0",
            "T0",
            "K1"
        ],
        [
            "S0",
            "D0",
            "K0"
        ],
        [
            "S0",
            "D0",
            "K1"
        ],
        [
            "S0",
            "E0",
            "K0"
        ],
        [
            "S0",
            "E0",
            "K1"
        ],
        [
            "E0",
            "T0",
            "K0"
        ],
        [
            "E0",
            "T0",
            "K1"
        ],
        [
            "E0",
            "D0",
            "K0"
        ],
        [
            "E0",
            "D0",
            "K1"
        ],
        [
            "E0",
            "S0",
            "K0"
        ],
        [
            "E0",
            "S0",
            "K1"
        ]
    ],
    "c": {
        "D0:E0": 0.0,
        "D0:S0": 0.0,
        "D0:T0": 51.218468430644954,
        "E0:D0": 0.0,
        "E0:S0": 0.0,
        "E0:T0": 51.218468430644954,
        "S0:D0": 0.0,
        "S0:E0": 0.0,
        "S0:T0": 51.218468430644954,
        "T0:D0": 51.218468430644954,
        "T0:E0": 51.218468430644954,
        "T0:S0": 51.218468430644954
    },
    "edges": [
        [
            "T0",
            "D0"
        ],
        [
            "T0",
            "S0"
        ],
        [
            "T0",
            "E0"
        ],
        [
            "D0",
            "T0"
        ],
        [
            "D0",
            "S0"
        ],
        [
            "D0",
            "E0"
        ],
        [
            "S0",
            "T0"
        ],
        [
            "S0",
            "D0"
        ],
        [
            "S0",
            "E0"
        ],
        [
            "E0",
            "T0"
        ],
        [
            "E0",
            "D0"
        ],
        [
            "E0",
            "S0"
        ]
    ],
    "f": {
        "D0:E0": 0.0,
        "D0:S0": 0.0,
        "D0:T0": 51.218468430644954,
        "E0:D0": 0.0,
        "E0:S0": 0.0,
        "E0:T0": 51.218468430644954,
        "S0:D0": 0.0,
        "S0:E0": 0.0,
        "S0:T0": 51.218468430644954,
        "T0:D0": 51.218468430644954,
        "T0:E0": 51.218468430644954,
        "T0:S0": 51.218468430644954
    },
    "k_y": [
        [
            "T0",
            "K0"
        ],
        [
            "T0",
            "K1"
        ]
    ],
    "noOfDepots": 1,
    "noOfRobots": 2,
    "noOfTasks": 1,
    "thisSeed": 8745705841653310858,
    "vel": 1
}