{
    "D": [
        "D0"
    ],
    "D_loc": {
        "D0": [
            45.79753223536386,
            42.36145284573705
        ]
    },
    "E": [
        "E0"
    ],
    "E_loc": {
        "E0": [
            45.79753223536386,
            42.36145284573705
        ]
    },
    "K": [
        "K0",
        "K1"
    ],
    "L": 55,
    "N": [
        "T0",
        "D0",
        "S0",
        "E0"
    ],
    "N_loc": {
        "D0": [
            45.79753223536386,
            42.36145284573705
        ],
        "E0": [
            45.79753223536386,
            42.36145284573705
        ],
        "S0": [
            45.79753223536386,
            42.36145284573705
        ],
        "T0": [
            19.67144388445937,
            84.82817739706368
        ]
    },
    "S": [
        "S0"
    ],
    "S_loc": {
        "S0": [
            45.79753223536386,
            42.36145284573705
        ]
    },
    "T": [
        "T0"
    ],
    "T_loc": {
        "T0": [
            19.67144388445937,
            84.82817739706368
        ]
    },
    "T_max": 60,
    "arc_ub": {
        "D0:E0:K0": 1,
        "D0:E0:K1": 1,
        "D0:S0:K0": 1,
        "D0:S0:K1": 1,
        "D0:T0:K0": 1,
        "D0:T0:K1": 1,
        "E0:D0:K0": 1,
        "E0:D0:K1": 1,
        "E0:S0:K0": 1,
        "E0:S0:K1": 1,
        "E0:T0:K0": 1,
        "E0:T0:K1": 1,
        "S0:D0:K0": 1,
        "S0:D0:K1": 1,
        "S0:E0:K0": 1,
        "S0:E0:K1": 1,
        "S0:T0:K0": 1,
        "S0:T0:K1": 1,
        "T0:D0:K0": 1,
        "T0:D0:K1": 1,
        "T0:E0:K0": 1,
        "T0:E0:K1": 1,
        "T0:S0:K0": 1,
        "T0:S0:K1": 1
    },
    "arcs": [
        [
            "T0",
            "D0",
            "K0"
        ],
        [
            "T0",
            "D0",
            "K1"
        ],
        [
            "T0",
            "S0",
            "K0"
        ],
        [
            "T0",
            "S0",
            "K1"
        ],
        [
            "T0",
            "E0",
            "K0"
        ],
        [
            "T0",
            "E0",
            "K1"
        ],
        [
            "D0",
            "T0",
            "K0"
        ],
        [
            "D0",
            "T0",
            "K1"
        ],
        [
            "D0",
            "S0",
            "K0"
        ],
        [
            "D0",
            "S0",
            "K1"
        ],
        [
            "D0",
            "E0",
            "K0"
        ],
        [
            "D0",
            "E0",
            "K1"
        ],
        [
            "S0",
            "T0",
            "K0"
        ],
        [
            "S0",
            "T0",
            "K1"
        ],
        [
            "S0",
            "D0",
            "K0"
        ],
        [
            "S0",
            "D0",
            "K1"
        ],
        [
            "S0",
            "E0",
            "K0"
        ],
        [
            "S0",
            "E0",
            "K1"
        ],
        [
            "E0",
            "T0",
            "K0"
        ],
        [
            "E0",
            "T0",
            "K1"
        ],
        [
            "E0",
            "D0",
            "K0"
        ],
        [
            "E0",
            "D0",
            "K1"
        ],
        [
            "E0",
            "S0",
            "K0"
        ],
        [
            "E0",
            "S0",
            "K1"
        ]
    ],
    "c": {
        "D0:E0": 0.0,
        "D0:S0": 0.0,
        "D0:T0": 49.85975518028058,
        "E0:D0": 0.0,
        "E0:S0": 0.0,
        "E0:T0": 49.85975518028058,
        "S0:D0": 0.0,
        "S0:E0": 0.0,
        "S0:T0": 49.85975518028058,
        "T0:D0": 49.85975518028058,
        "T0:E0": 49.85975518028058,
        "T0:S0": 49.85975518028058
    },
    "edges": [
        [
            "T0",
            "D0"
        ],
        [
            "T0",
            "S0"
        ],
        [
            "T0",
            "E0"
        ],
        [
            "D0",
            "T0"
        ],
        [
            "D0",
            "S0"
        ],
        [
            "D0",
            "E0"
        ],
        [
            "S0",
            "T0"
        ],
        [
            "S0",
            "D0"
        ],
        [
            "S0",
            "E0"
        ],
        [
            "E0",
            "T0"
        ],
        [
            "E0",
            "D0"
        ],
        [
            "E0",
            "S0"
        ]
    ],
    "f": {
        "D0:E0": 0.0,
        "D0:S0": 0.0,
        "D0:T0": 49.85975518028058,
        "E0:D0": 0.0,
        "E0:S0": 0.0,
        "E0:T0": 49.85975518028058,
        "S0:D0": 0.0,
        "S0:E0": 0.0,
        "S0:T0": 49.85975518028058,
        "T0:D0": 49.85975518028058,
        "T0:E0": 49.85975518028058,
        "T0:S0": 49.85975518028058
    },
    "iteration": 2,
    "k_y": [
        [
            "T0",
            "K0"
        ],
        [
            "T0",
            "K1"
        ]
    ],
    "noOfDepots": 1,
    "noOfRobots": 2,
    "noOfTasks": 1,
    "thisSeed": 2025201030968943204,
    "vel": 1
}