{
    "D": [
        "D0"
    ],
    "D_loc": {
        "D0": [
            11.467121292855609,
            34.802768047771124
        ]
    },
    "E": [
        "E0"
    ],
    "E_loc": {
        "E0": [
            11.467121292855609,
            34.802768047771124
        ]
    },
    "K": [
        "K0",
        "K1"
    ],
    "L": 55,
    "N": [
        "T0",
        "D0",
        "S0",
        "E0"
    ],
    "N_loc": {
        "D0": [
            11.467121292855609,
            34.802768047771124
        ],
        "E0": [
            11.467121292855609,
            34.802768047771124
        ],
        "S0": [
            11.467121292855609,
            34.802768047771124
        ],
        "T0": [
            96.70728689473053,
            21.77375989300767
        ]
    },
    "S": [
        "S0"
    ],
    "S_loc": {
        "S0": [
            11.467121292855609,
            34.802768047771124
        ]
    },
    "T": [
        "T0"
    ],
    "T_loc": {
        "T0": [
            96.70728689473053,
            21.77375989300767
        ]
    },
    "T_max": 60,
    "arc_ub": {
        "D0:E0:K0": 1,
        "D0:E0:K1": 1,
        "D0:S0:K0": 1,
        "D0:S0:K1": 1,
        "D0:T0:K0": 1,
        "D0:T0:K1": 1,
        "E0:D0:K0": 1,
        "E0:D0:K1": 1,
        "E0:S0:K0": 1,
        "E0:S0:K1": 1,
        "E0:T0:K0": 1,
        "E0:T0:K1": 1,
        "S0:D0:K0": 1,
        "S0:D0:K1": 1,
        "S0:E0:K0": 1,
        "S0:E0:K1": 1,
        "S0:T0:K0": 1,
        "S0:T0:K1": 1,
        "T0:D0:K0": 1,
        "T0:D0:K1": 1,
        "T0:E0:K0": 1,
        "T0:E0:K1": 1,
        "T0:S0:K0": 1,
        "T0:S0:K1": 1
    },
    "arcs": [
        [
            "T0",
            "D0",
            "K0"
        ],
        [
            "T0",
            "D0",
            "K1"
        ],
        [
            "T0",
            "S0",
            "K0"
        ],
        [
            "T0",
            "S0",
            "K1"
        ],
        [
            "T0",
            "E0",
            "K0"
        ],
        [
            "T0",
            "E0",
            "K1"
        ],
        [
            "D0",
            "T0",
            "K0"
        ],
        [
            "D0",
            "T0",
            "K1"
        ],
        [
            "D0",
            "S0",
            "K0"
        ],
        [
            "D0",
            "S0",
            "K1"
        ],
        [
            "D0",
            "E0",
            "K0"
        ],
        [
            "D0",
            "E0",
            "K1"
        ],
        [
            "S0",
            "T0",
            "K0"
        ],
        [
            "S0",
            "T0",
            "K1"
        ],
        [
            "S0",
            "D0",
            "K0"
        ],
        [
            "S0",
            "D0",
            "K1"
        ],
        [
            "S0",
            "E0",
            "K0"
        ],
        [
            "S0",
            "E0",
            "K1"
        ],
        [
            "E0",
            "T0",
            "K0"
        ],
        [
            "E0",
            "T0",
            "K1"
        ],
        [
            "E0",
            "D0",
            "K0"
        ],
        [
            "E0",
            "D0",
            "K1"
        ],
        [
            "E0",
            "S0",
            "K0"
        ],
        [
            "E0",
            "S0",
            "K1"
        ]
    ],
    "c": {
        "D0:E0": 0.0,
        "D0:S0": 0.0,
        "D0:T0": 86.2301622712839,
        "E0:D0": 0.0,
        "E0:S0": 0.0,
        "E0:T0": 86.2301622712839,
        "S0:D0": 0.0,
        "S0:E0": 0.0,
        "S0:T0": 86.2301622712839,
        "T0:D0": 86.2301622712839,
        "T0:E0": 86.2301622712839,
        "T0:S0": 86.2301622712839
    },
    "edges": [
        [
            "T0",
            "D0"
        ],
        [
            "T0",
            "S0"
        ],
        [
            "T0",
            "E0"
        ],
        [
            "D0",
            "T0"
        ],
        [
            "D0",
            "S0"
        ],
        [
            "D0",
            "E0"
        ],
        [
            "S0",
            "T0"
        ],
        [
            "S0",
            "D0"
        ],
        [
            "S0",
            "E0"
        ],
        [
            "E0",
            "T0"
        ],
        [
            "E0",
            "D0"
        ],
        [
            "E0",
            "S0"
        ]
    ],
    "f": {
        "D0:E0": 0.0,
        "D0:S0": 0.0,
        "D0:T0": 86.2301622712839,
        "E0:D0": 0.0,
        "E0:S0": 0.0,
        "E0:T0": 86.2301622712839,
        "S0:D0": 0.0,
        "S0:E0": 0.0,
        "S0:T0": 86.2301622712839,
        "T0:D0": 86.2301622712839,
        "T0:E0": 86.2301622712839,
        "T0:S0": 86.2301622712839
    },
    "iteration": 0,
    "k_y": [
        [
            "T0",
            "K0"
        ],
        [
            "T0",
            "K1"
        ]
    ],
    "noOfDepots": 1,
    "noOfRobots": 2,
    "noOfTasks": 1,
    "thisSeed": 3222687882113951889,
    "vel": 1
}