{
    "D": [
        "D0"
    ],
    "D_loc": {
        "D0": [
            87.87402129658933,
            26.541470673246426
        ]
    },
    "E": [
        "E0"
    ],
    "E_loc": {
        "E0": [
            87.87402129658933,
            26.541470673246426
        ]
    },
    "K": [
        "K0",
        "K1"
    ],
    "L": 60,
    "N": [
        "T0",
        "D0",
        "S0",
        "E0"
    ],
    "N_loc": {
        "D0": [
            87.87402129658933,
            26.541470673246426
        ],
        "E0": [
            87.87402129658933,
            26.541470673246426
        ],
        "S0": [
            87.87402129658933,
            26.541470673246426
        ],
        "T0": [
            35.591650754744194,
            84.285453107286
        ]
    },
    "S": [
        "S0"
    ],
    "S_loc": {
        "S0": [
            87.87402129658933,
            26.541470673246426
        ]
    },
    "T": [
        "T0"
    ],
    "T_loc": {
        "T0": [
            35.591650754744194,
            84.285453107286
        ]
    },
    "T_max": 70,
    "arc_ub": {
        "D0:E0:K0": 1,
        "D0:E0:K1": 1,
        "D0:S0:K0": 1,
        "D0:S0:K1": 1,
        "D0:T0:K0": 1,
        "D0:T0:K1": 1,
        "E0:D0:K0": 1,
        "E0:D0:K1": 1,
        "E0:S0:K0": 1,
        "E0:S0:K1": 1,
        "E0:T0:K0": 1,
        "E0:T0:K1": 1,
        "S0:D0:K0": 1,
        "S0:D0:K1": 1,
        "S0:E0:K0": 1,
        "S0:E0:K1": 1,
        "S0:T0:K0": 1,
        "S0:T0:K1": 1,
        "T0:D0:K0": 1,
        "T0:D0:K1": 1,
        "T0:E0:K0": 1,
        "T0:E0:K1": 1,
        "T0:S0:K0": 1,
        "T0:S0:K1": 1
    },
    "arcs": [
        [
            "T0",
            "D0",
            "K0"
        ],
        [
            "T0",
            "D0",
            "K1"
        ],
        [
            "T0",
            "S0",
            "K0"
        ],
        [
            "T0",
            "S0",
            "K1"
        ],
        [
            "T0",
            "E0",
            "K0"
        ],
        [
            "T0",
            "E0",
            "K1"
        ],
        [
            "D0",
            "T0",
            "K0"
        ],
        [
            "D0",
            "T0",
            "K1"
        ],
        [
            "D0",
            "S0",
            "K0"
        ],
        [
            "D0",
            "S0",
            "K1"
        ],
        [
            "D0",
            "E0",
            "K0"
        ],
        [
            "D0",
            "E0",
            "K1"
        ],
        [
            "S0",
            "T0",
            "K0"
        ],
        [
            "S0",
            "T0",
            "K1"
        ],
        [
            "S0",
            "D0",
            "K0"
        ],
        [
            "S0",
            "D0",
            "K1"
        ],
        [
            "S0",
            "E0",
            "K0"
        ],
        [
            "S0",
            "E0",
            "K1"
        ],
        [
            "E0",
            "T0",
            "K0"
        ],
        [
            "E0",
            "T0",
            "K1"
        ],
        [
            "E0",
            "D0",
            "K0"
        ],
        [
            "E0",
            "D0",
            "K1"
        ],
        [
            "E0",
            "S0",
            "K0"
        ],
        [
            "E0",
            "S0",
            "K1"
        ]
    ],
    "c": {
        "D0:E0": 0.0,
        "D0:S0": 0.0,
        "D0:T0": 77.89617305630276,
        "E0:D0": 0.0,
        "E0:S0": 0.0,
        "E0:T0": 77.89617305630276,
        "S0:D0": 0.0,
        "S0:E0": 0.0,
        "S0:T0": 77.89617305630276,
        "T0:D0": 77.89617305630276,
        "T0:E0": 77.89617305630276,
        "T0:S0": 77.89617305630276
    },
    "edges": [
        [
            "T0",
            "D0"
        ],
        [
            "T0",
            "S0"
        ],
        [
            "T0",
            "E0"
        ],
        [
            "D0",
            "T0"
        ],
        [
            "D0",
            "S0"
        ],
        [
            "D0",
            "E0"
        ],
        [
            "S0",
            "T0"
        ],
        [
            "S0",
            "D0"
        ],
        [
            "S0",
            "E0"
        ],
        [
            "E0",
            "T0"
        ],
        [
            "E0",
            "D0"
        ],
        [
            "E0",
            "S0"
        ]
    ],
    "f": {
        "D0:E0": 0.0,
        "D0:S0": 0.0,
        "D0:T0": 77.89617305630276,
        "E0:D0": 0.0,
        "E0:S0": 0.0,
        "E0:T0": 77.89617305630276,
        "S0:D0": 0.0,
        "S0:E0": 0.0,
        "S0:T0": 77.89617305630276,
        "T0:D0": 77.89617305630276,
        "T0:E0": 77.89617305630276,
        "T0:S0": 77.89617305630276
    },
    "k_y": [
        [
            "T0",
            "K0"
        ],
        [
            "T0",
            "K1"
        ]
    ],
    "noOfDepots": 1,
    "noOfRobots": 2,
    "noOfTasks": 1,
    "thisSeed": 7984418452562174872,
    "vel": 1
}