{
    "D": [
        "D0"
    ],
    "D_loc": {
        "D0": [
            34.558397204981105,
            87.70681552644693
        ]
    },
    "E": [
        "E0"
    ],
    "E_loc": {
        "E0": [
            34.558397204981105,
            87.70681552644693
        ]
    },
    "K": [
        "K0",
        "K1"
    ],
    "L": 55,
    "N": [
        "T0",
        "T1",
        "T2",
        "D0",
        "S0",
        "E0"
    ],
    "N_loc": {
        "D0": [
            34.558397204981105,
            87.70681552644693
        ],
        "E0": [
            34.558397204981105,
            87.70681552644693
        ],
        "S0": [
            34.558397204981105,
            87.70681552644693
        ],
        "T0": [
            7.402647206570389,
            6.680581018180143
        ],
        "T1": [
            40.30526806904724,
            90.77538955287464
        ],
        "T2": [
            63.45744900985726,
            19.746274255077157
        ]
    },
    "S": [
        "S0"
    ],
    "S_loc": {
        "S0": [
            34.558397204981105,
            87.70681552644693
        ]
    },
    "T": [
        "T0",
        "T1",
        "T2"
    ],
    "T_loc": {
        "T0": [
            7.402647206570389,
            6.680581018180143
        ],
        "T1": [
            40.30526806904724,
            90.77538955287464
        ],
        "T2": [
            63.45744900985726,
            19.746274255077157
        ]
    },
    "T_max": 70,
    "arc_ub": {
        "D0:E0:K0": 1,
        "D0:E0:K1": 1,
        "D0:S0:K0": 1,
        "D0:S0:K1": 1,
        "D0:T0:K0": 1,
        "D0:T0:K1": 1,
        "D0:T1:K0": 1,
        "D0:T1:K1": 1,
        "D0:T2:K0": 1,
        "D0:T2:K1": 1,
        "E0:D0:K0": 1,
        "E0:D0:K1": 1,
        "E0:S0:K0": 1,
        "E0:S0:K1": 1,
        "E0:T0:K0": 1,
        "E0:T0:K1": 1,
        "E0:T1:K0": 1,
        "E0:T1:K1": 1,
        "E0:T2:K0": 1,
        "E0:T2:K1": 1,
        "S0:D0:K0": 1,
        "S0:D0:K1": 1,
        "S0:E0:K0": 1,
        "S0:E0:K1": 1,
        "S0:T0:K0": 1,
        "S0:T0:K1": 1,
        "S0:T1:K0": 1,
        "S0:T1:K1": 1,
        "S0:T2:K0": 1,
        "S0:T2:K1": 1,
        "T0:D0:K0": 1,
        "T0:D0:K1": 1,
        "T0:E0:K0": 1,
        "T0:E0:K1": 1,
        "T0:S0:K0": 1,
        "T0:S0:K1": 1,
        "T0:T1:K0": 1,
        "T0:T1:K1": 1,
        "T0:T2:K0": 1,
        "T0:T2:K1": 1,
        "T1:D0:K0": 1,
        "T1:D0:K1": 1,
        "T1:E0:K0": 1,
        "T1:E0:K1": 1,
        "T1:S0:K0": 1,
        "T1:S0:K1": 1,
        "T1:T0:K0": 1,
        "T1:T0:K1": 1,
        "T1:T2:K0": 1,
        "T1:T2:K1": 1,
        "T2:D0:K0": 1,
        "T2:D0:K1": 1,
        "T2:E0:K0": 1,
        "T2:E0:K1": 1,
        "T2:S0:K0": 1,
        "T2:S0:K1": 1,
        "T2:T0:K0": 1,
        "T2:T0:K1": 1,
        "T2:T1:K0": 1,
        "T2:T1:K1": 1
    },
    "arcs": [
        [
            "T0",
            "T1",
            "K0"
        ],
        [
            "T0",
            "T1",
            "K1"
        ],
        [
            "T0",
            "T2",
            "K0"
        ],
        [
            "T0",
            "T2",
            "K1"
        ],
        [
            "T0",
            "D0",
            "K0"
        ],
        [
            "T0",
            "D0",
            "K1"
        ],
        [
            "T0",
            "S0",
            "K0"
        ],
        [
            "T0",
            "S0",
            "K1"
        ],
        [
            "T0",
            "E0",
            "K0"
        ],
        [
            "T0",
            "E0",
            "K1"
        ],
        [
            "T1",
            "T0",
            "K0"
        ],
        [
            "T1",
            "T0",
            "K1"
        ],
        [
            "T1",
            "T2",
            "K0"
        ],
        [
            "T1",
            "T2",
            "K1"
        ],
        [
            "T1",
            "D0",
            "K0"
        ],
        [
            "T1",
            "D0",
            "K1"
        ],
        [
            "T1",
            "S0",
            "K0"
        ],
        [
            "T1",
            "S0",
            "K1"
        ],
        [
            "T1",
            "E0",
            "K0"
        ],
        [
            "T1",
            "E0",
            "K1"
        ],
        [
            "T2",
            "T0",
            "K0"
        ],
        [
            "T2",
            "T0",
            "K1"
        ],
        [
            "T2",
            "T1",
            "K0"
        ],
        [
            "T2",
            "T1",
            "K1"
        ],
        [
            "T2",
            "D0",
            "K0"
        ],
        [
            "T2",
            "D0",
            "K1"
        ],
        [
            "T2",
            "S0",
            "K0"
        ],
        [
            "T2",
            "S0",
            "K1"
        ],
        [
            "T2",
            "E0",
            "K0"
        ],
        [
            "T2",
            "E0",
            "K1"
        ],
        [
            "D0",
            "T0",
            "K0"
        ],
        [
            "D0",
            "T0",
            "K1"
        ],
        [
            "D0",
            "T1",
            "K0"
        ],
        [
            "D0",
            "T1",
            "K1"
        ],
        [
            "D0",
            "T2",
            "K0"
        ],
        [
            "D0",
            "T2",
            "K1"
        ],
        [
            "D0",
            "S0",
            "K0"
        ],
        [
            "D0",
            "S0",
            "K1"
        ],
        [
            "D0",
            "E0",
            "K0"
        ],
        [
            "D0",
            "E0",
            "K1"
        ],
        [
            "S0",
            "T0",
            "K0"
        ],
        [
            "S0",
            "T0",
            "K1"
        ],
        [
            "S0",
            "T1",
            "K0"
        ],
        [
            "S0",
            "T1",
            "K1"
        ],
        [
            "S0",
            "T2",
            "K0"
        ],
        [
            "S0",
            "T2",
            "K1"
        ],
        [
            "S0",
            "D0",
            "K0"
        ],
        [
            "S0",
            "D0",
            "K1"
        ],
        [
            "S0",
            "E0",
            "K0"
        ],
        [
            "S0",
            "E0",
            "K1"
        ],
        [
            "E0",
            "T0",
            "K0"
        ],
        [
            "E0",
            "T0",
            "K1"
        ],
        [
            "E0",
            "T1",
            "K0"
        ],
        [
            "E0",
            "T1",
            "K1"
        ],
        [
            "E0",
            "T2",
            "K0"
        ],
        [
            "E0",
            "T2",
            "K1"
        ],
        [
            "E0",
            "D0",
            "K0"
        ],
        [
            "E0",
            "D0",
            "K1"
        ],
        [
            "E0",
            "S0",
            "K0"
        ],
        [
            "E0",
            "S0",
            "K1"
        ]
    ],
    "c": {
        "D0:E0": 0.0,
        "D0:S0": 0.0,
        "D0:T0": 85.45575133696283,
        "D0:T1": 6.5148040096321385,
        "D0:T2": 73.8497824310842,
        "E0:D0": 0.0,
        "E0:S0": 0.0,
        "E0:T0": 85.45575133696283,
        "E0:T1": 6.5148040096321385,
        "E0:T2": 73.8497824310842,
        "S0:D0": 0.0,
        "S0:E0": 0.0,
        "S0:T0": 85.45575133696283,
        "S0:T1": 6.5148040096321385,
        "S0:T2": 73.8497824310842,
        "T0:D0": 85.45575133696283,
        "T0:E0": 85.45575133696283,
        "T0:S0": 85.45575133696283,
        "T0:T1": 90.30237694605178,