{
    "D": [
        "D0"
    ],
    "D_loc": {
        "D0": [
            97.52173481338639,
            21.318069440269948
        ]
    },
    "E": [
        "E0"
    ],
    "E_loc": {
        "E0": [
            97.52173481338639,
            21.318069440269948
        ]
    },
    "K": [
        "K0",
        "K1"
    ],
    "L": 55,
    "N": [
        "T0",
        "T1",
        "T2",
        "D0",
        "S0",
        "E0"
    ],
    "N_loc": {
        "D0": [
            97.52173481338639,
            21.318069440269948
        ],
        "E0": [
            97.52173481338639,
            21.318069440269948
        ],
        "S0": [
            97.52173481338639,
            21.318069440269948
        ],
        "T0": [
            85.71183238141377,
            57.070395822890966
        ],
        "T1": [
            71.8236166564256,
            30.473129429666614
        ],
        "T2": [
            76.4916080646386,
            47.78331750093099
        ]
    },
    "S": [
        "S0"
    ],
    "S_loc": {
        "S0": [
            97.52173481338639,
            21.318069440269948
        ]
    },
    "T": [
        "T0",
        "T1",
        "T2"
    ],
    "T_loc": {
        "T0": [
            85.71183238141377,
            57.070395822890966
        ],
        "T1": [
            71.8236166564256,
            30.473129429666614
        ],
        "T2": [
            76.4916080646386,
            47.78331750093099
        ]
    },
    "T_max": 70,
    "arc_ub": {
        "D0:E0:K0": 1,
        "D0:E0:K1": 1,
        "D0:S0:K0": 1,
        "D0:S0:K1": 1,
        "D0:T0:K0": 1,
        "D0:T0:K1": 1,
        "D0:T1:K0": 1,
        "D0:T1:K1": 1,
        "D0:T2:K0": 1,
        "D0:T2:K1": 1,
        "E0:D0:K0": 1,
        "E0:D0:K1": 1,
        "E0:S0:K0": 1,
        "E0:S0:K1": 1,
        "E0:T0:K0": 1,
        "E0:T0:K1": 1,
        "E0:T1:K0": 1,
        "E0:T1:K1": 1,
        "E0:T2:K0": 1,
        "E0:T2:K1": 1,
        "S0:D0:K0": 1,
        "S0:D0:K1": 1,
        "S0:E0:K0": 1,
        "S0:E0:K1": 1,
        "S0:T0:K0": 1,
        "S0:T0:K1": 1,
        "S0:T1:K0": 1,
        "S0:T1:K1": 1,
        "S0:T2:K0": 1,
        "S0:T2:K1": 1,
        "T0:D0:K0": 1,
        "T0:D0:K1": 1,
        "T0:E0:K0": 1,
        "T0:E0:K1": 1,
        "T0:S0:K0": 1,
        "T0:S0:K1": 1,
        "T0:T1:K0": 1,
        "T0:T1:K1": 1,
        "T0:T2:K0": 1,
        "T0:T2:K1": 1,
        "T1:D0:K0": 1,
        "T1:D0:K1": 1,
        "T1:E0:K0": 1,
        "T1:E0:K1": 1,
        "T1:S0:K0": 1,
        "T1:S0:K1": 1,
        "T1:T0:K0": 1,
        "T1:T0:K1": 1,
        "T1:T2:K0": 1,
        "T1:T2:K1": 1,
        "T2:D0:K0": 1,
        "T2:D0:K1": 1,
        "T2:E0:K0": 1,
        "T2:E0:K1": 1,
        "T2:S0:K0": 1,
        "T2:S0:K1": 1,
        "T2:T0:K0": 1,
        "T2:T0:K1": 1,
        "T2:T1:K0": 1,
        "T2:T1:K1": 1
    },
    "arcs": [
        [
            "T0",
            "T1",
            "K0"
        ],
        [
            "T0",
            "T1",
            "K1"
        ],
        [
            "T0",
            "T2",
            "K0"
        ],
        [
            "T0",
            "T2",
            "K1"
        ],
        [
            "T0",
            "D0",
            "K0"
        ],
        [
            "T0",
            "D0",
            "K1"
        ],
        [
            "T0",
            "S0",
            "K0"
        ],
        [
            "T0",
            "S0",
            "K1"
        ],
        [
            "T0",
            "E0",
            "K0"
        ],
        [
            "T0",
            "E0",
            "K1"
        ],
        [
            "T1",
            "T0",
            "K0"
        ],
        [
            "T1",
            "T0",
            "K1"
        ],
        [
            "T1",
            "T2",
            "K0"
        ],
        [
            "T1",
            "T2",
            "K1"
        ],
        [
            "T1",
            "D0",
            "K0"
        ],
        [
            "T1",
            "D0",
            "K1"
        ],
        [
            "T1",
            "S0",
            "K0"
        ],
        [
            "T1",
            "S0",
            "K1"
        ],
        [
            "T1",
            "E0",
            "K0"
        ],
        [
            "T1",
            "E0",
            "K1"
        ],
        [
            "T2",
            "T0",
            "K0"
        ],
        [
            "T2",
            "T0",
            "K1"
        ],
        [
            "T2",
            "T1",
            "K0"
        ],
        [
            "T2",
            "T1",
            "K1"
        ],
        [
            "T2",
            "D0",
            "K0"
        ],
        [
            "T2",
            "D0",
            "K1"
        ],
        [
            "T2",
            "S0",
            "K0"
        ],
        [
            "T2",
            "S0",
            "K1"
        ],
        [
            "T2",
            "E0",
            "K0"
        ],
        [
            "T2",
            "E0",
            "K1"
        ],
        [
            "D0",
            "T0",
            "K0"
        ],
        [
            "D0",
            "T0",
            "K1"
        ],
        [
            "D0",
            "T1",
            "K0"
        ],
        [
            "D0",
            "T1",
            "K1"
        ],
        [
            "D0",
            "T2",
            "K0"
        ],
        [
            "D0",
            "T2",
            "K1"
        ],
        [
            "D0",
            "S0",
            "K0"
        ],
        [
            "D0",
            "S0",
            "K1"
        ],
        [
            "D0",
            "E0",
            "K0"
        ],
        [
            "D0",
            "E0",
            "K1"
        ],
        [
            "S0",
            "T0",
            "K0"
        ],
        [
            "S0",
            "T0",
            "K1"
        ],
        [
            "S0",
            "T1",
            "K0"
        ],
        [
            "S0",
            "T1",
            "K1"
        ],
        [
            "S0",
            "T2",
            "K0"
        ],
        [
            "S0",
            "T2",
            "K1"
        ],
        [
            "S0",
            "D0",
            "K0"
        ],
        [
            "S0",
            "D0",
            "K1"
        ],
        [
            "S0",
            "E0",
            "K0"
        ],
        [
            "S0",
            "E0",
            "K1"
        ],
        [
            "E0",
            "T0",
            "K0"
        ],
        [
            "E0",
            "T0",
            "K1"
        ],
        [
            "E0",
            "T1",
            "K0"
        ],
        [
            "E0",
            "T1",
            "K1"
        ],
        [
            "E0",
            "T2",
            "K0"
        ],
        [
            "E0",
            "T2",
            "K1"
        ],
        [
            "E0",
            "D0",
            "K0"
        ],
        [
            "E0",
            "D0",
            "K1"
        ],
        [
            "E0",
            "S0",
            "K0"
        ],
        [
            "E0",
            "S0",
            "K1"
        ]
    ],
    "c": {
        "D0:E0": 0.0,
        "D0:S0": 0.0,
        "D0:T0": 37.65239218458997,
        "D0:T1": 27.28018328784778,
        "D0:T2": 33.80348482007026,
        "E0:D0": 0.0,
        "E0:S0": 0.0,
        "E0:T0": 37.65239218458997,
        "E0:T1": 27.28018328784778,
        "E0:T2": 33.80348482007026,
        "S0:D0": 0.0,
        "S0:E0": 0.0,
        "S0:T0": 37.65239218458997,
        "S0:T1": 27.28018328784778,
        "S0:T2": 33.80348482007026,
        "T0:D0": 37.65239218458997,
        "T0:E0": 37.65239218458997,
        "T0:S0": 37.65239218458997,
        "T0:T1": 30.004951518306946,