{
    "D": [
        "D0"
    ],
    "D_loc": {
        "D0": [
            65.79788180587744,
            29.81503773808145
        ]
    },
    "E": [
        "E0"
    ],
    "E_loc": {
        "E0": [
            65.79788180587744,
            29.81503773808145
        ]
    },
    "K": [
        "K0",
        "K1"
    ],
    "L": 60,
    "N": [
        "T0",
        "T1",
        "T2",
        "D0",
        "S0",
        "E0"
    ],
    "N_loc": {
        "D0": [
            65.79788180587744,
            29.81503773808145
        ],
        "E0": [
            65.79788180587744,
            29.81503773808145
        ],
        "S0": [
            65.79788180587744,
            29.81503773808145
        ],
        "T0": [
            77.26962743491768,
            90.65326180327742
        ],
        "T1": [
            27.47885828033275,
            4.44960200339759
        ],
        "T2": [
            62.84852889875726,
            15.510997698869433
        ]
    },
    "S": [
        "S0"
    ],
    "S_loc": {
        "S0": [
            65.79788180587744,
            29.81503773808145
        ]
    },
    "T": [
        "T0",
        "T1",
        "T2"
    ],
    "T_loc": {
        "T0": [
            77.26962743491768,
            90.65326180327742
        ],
        "T1": [
            27.47885828033275,
            4.44960200339759
        ],
        "T2": [
            62.84852889875726,
            15.510997698869433
        ]
    },
    "T_max": 70,
    "arc_ub": {
        "D0:E0:K0": 1,
        "D0:E0:K1": 1,
        "D0:S0:K0": 1,
        "D0:S0:K1": 1,
        "D0:T0:K0": 1,
        "D0:T0:K1": 1,
        "D0:T1:K0": 1,
        "D0:T1:K1": 1,
        "D0:T2:K0": 1,
        "D0:T2:K1": 1,
        "E0:D0:K0": 1,
        "E0:D0:K1": 1,
        "E0:S0:K0": 1,
        "E0:S0:K1": 1,
        "E0:T0:K0": 1,
        "E0:T0:K1": 1,
        "E0:T1:K0": 1,
        "E0:T1:K1": 1,
        "E0:T2:K0": 1,
        "E0:T2:K1": 1,
        "S0:D0:K0": 1,
        "S0:D0:K1": 1,
        "S0:E0:K0": 1,
        "S0:E0:K1": 1,
        "S0:T0:K0": 1,
        "S0:T0:K1": 1,
        "S0:T1:K0": 1,
        "S0:T1:K1": 1,
        "S0:T2:K0": 1,
        "S0:T2:K1": 1,
        "T0:D0:K0": 1,
        "T0:D0:K1": 1,
        "T0:E0:K0": 1,
        "T0:E0:K1": 1,
        "T0:S0:K0": 1,
        "T0:S0:K1": 1,
        "T0:T1:K0": 1,
        "T0:T1:K1": 1,
        "T0:T2:K0": 1,
        "T0:T2:K1": 1,
        "T1:D0:K0": 1,
        "T1:D0:K1": 1,
        "T1:E0:K0": 1,
        "T1:E0:K1": 1,
        "T1:S0:K0": 1,
        "T1:S0:K1": 1,
        "T1:T0:K0": 1,
        "T1:T0:K1": 1,
        "T1:T2:K0": 1,
        "T1:T2:K1": 1,
        "T2:D0:K0": 1,
        "T2:D0:K1": 1,
        "T2:E0:K0": 1,
        "T2:E0:K1": 1,
        "T2:S0:K0": 1,
        "T2:S0:K1": 1,
        "T2:T0:K0": 1,
        "T2:T0:K1": 1,
        "T2:T1:K0": 1,
        "T2:T1:K1": 1
    },
    "arcs": [
        [
            "T0",
            "T1",
            "K0"
        ],
        [
            "T0",
            "T1",
            "K1"
        ],
        [
            "T0",
            "T2",
            "K0"
        ],
        [
            "T0",
            "T2",
            "K1"
        ],
        [
            "T0",
            "D0",
            "K0"
        ],
        [
            "T0",
            "D0",
            "K1"
        ],
        [
            "T0",
            "S0",
            "K0"
        ],
        [
            "T0",
            "S0",
            "K1"
        ],
        [
            "T0",
            "E0",
            "K0"
        ],
        [
            "T0",
            "E0",
            "K1"
        ],
        [
            "T1",
            "T0",
            "K0"
        ],
        [
            "T1",
            "T0",
            "K1"
        ],
        [
            "T1",
            "T2",
            "K0"
        ],
        [
            "T1",
            "T2",
            "K1"
        ],
        [
            "T1",
            "D0",
            "K0"
        ],
        [
            "T1",
            "D0",
            "K1"
        ],
        [
            "T1",
            "S0",
            "K0"
        ],
        [
            "T1",
            "S0",
            "K1"
        ],
        [
            "T1",
            "E0",
            "K0"
        ],
        [
            "T1",
            "E0",
            "K1"
        ],
        [
            "T2",
            "T0",
            "K0"
        ],
        [
            "T2",
            "T0",
            "K1"
        ],
        [
            "T2",
            "T1",
            "K0"
        ],
        [
            "T2",
            "T1",
            "K1"
        ],
        [
            "T2",
            "D0",
            "K0"
        ],
        [
            "T2",
            "D0",
            "K1"
        ],
        [
            "T2",
            "S0",
            "K0"
        ],
        [
            "T2",
            "S0",
            "K1"
        ],
        [
            "T2",
            "E0",
            "K0"
        ],
        [
            "T2",
            "E0",
            "K1"
        ],
        [
            "D0",
            "T0",
            "K0"
        ],
        [
            "D0",
            "T0",
            "K1"
        ],
        [
            "D0",
            "T1",
            "K0"
        ],
        [
            "D0",
            "T1",
            "K1"
        ],
        [
            "D0",
            "T2",
            "K0"
        ],
        [
            "D0",
            "T2",
            "K1"
        ],
        [
            "D0",
            "S0",
            "K0"
        ],
        [
            "D0",
            "S0",
            "K1"
        ],
        [
            "D0",
            "E0",
            "K0"
        ],
        [
            "D0",
            "E0",
            "K1"
        ],
        [
            "S0",
            "T0",
            "K0"
        ],
        [
            "S0",
            "T0",
            "K1"
        ],
        [
            "S0",
            "T1",
            "K0"
        ],
        [
            "S0",
            "T1",
            "K1"
        ],
        [
            "S0",
            "T2",
            "K0"
        ],
        [
            "S0",
            "T2",
            "K1"
        ],
        [
            "S0",
            "D0",
            "K0"
        ],
        [
            "S0",
            "D0",
            "K1"
        ],
        [
            "S0",
            "E0",
            "K0"
        ],
        [
            "S0",
            "E0",
            "K1"
        ],
        [
            "E0",
            "T0",
            "K0"
        ],
        [
            "E0",
            "T0",
            "K1"
        ],
        [
            "E0",
            "T1",
            "K0"
        ],
        [
            "E0",
            "T1",
            "K1"
        ],
        [
            "E0",
            "T2",
            "K0"
        ],
        [
            "E0",
            "T2",
            "K1"
        ],
        [
            "E0",
            "D0",
            "K0"
        ],
        [
            "E0",
            "D0",
            "K1"
        ],
        [
            "E0",
            "S0",
            "K0"
        ],
        [
            "E0",
            "S0",
            "K1"
        ]
    ],
    "c": {
        "D0:E0": 0.0,
        "D0:S0": 0.0,
        "D0:T0": 61.9103420696768,
        "D0:T1": 45.9538126161652,
        "D0:T2": 14.604939028086314,
        "E0:D0": 0.0,
        "E0:S0": 0.0,
        "E0:T0": 61.9103420696768,
        "E0:T1": 45.9538126161652,
        "E0:T2": 14.604939028086314,
        "S0:D0": 0.0,
        "S0:E0": 0.0,
        "S0:T0": 61.9103420696768,
        "S0:T1": 45.9538126161652,
        "S0:T2": 14.604939028086314,
        "T0:D0": 61.9103420696768,
        "T0:E0": 61.9103420696768,
        "T0:S0": 61.9103420696768,
        "T0:T1": 99.5499455343828,
        "T0:T2": 76.51358008697703,