{
    "D": [
        "D0"
    ],
    "D_loc": {
        "D0": [
            77.06251848369003,
            69.94844664106546
        ]
    },
    "E": [
        "E0"
    ],
    "E_loc": {
        "E0": [
            77.06251848369003,
            69.94844664106546
        ]
    },
    "K": [
        "K0",
        "K1"
    ],
    "L": 55,
    "N": [
        "T0",
        "D0",
        "S0",
        "E0"
    ],
    "N_loc": {
        "D0": [
            77.06251848369003,
            69.94844664106546
        ],
        "E0": [
            77.06251848369003,
            69.94844664106546
        ],
        "S0": [
            77.06251848369003,
            69.94844664106546
        ],
        "T0": [
            1.0642245893502378,
            73.95662547078427
        ]
    },
    "S": [
        "S0"
    ],
    "S_loc": {
        "S0": [
            77.06251848369003,
            69.94844664106546
        ]
    },
    "T": [
        "T0"
    ],
    "T_loc": {
        "T0": [
            1.0642245893502378,
            73.95662547078427
        ]
    },
    "T_max": 50,
    "arc_ub": {
        "D0:E0:K0": 1,
        "D0:E0:K1": 1,
        "D0:S0:K0": 1,
        "D0:S0:K1": 1,
        "D0:T0:K0": 1,
        "D0:T0:K1": 1,
        "E0:D0:K0": 1,
        "E0:D0:K1": 1,
        "E0:S0:K0": 1,
        "E0:S0:K1": 1,
        "E0:T0:K0": 1,
        "E0:T0:K1": 1,
        "S0:D0:K0": 1,
        "S0:D0:K1": 1,
        "S0:E0:K0": 1,
        "S0:E0:K1": 1,
        "S0:T0:K0": 1,
        "S0:T0:K1": 1,
        "T0:D0:K0": 1,
        "T0:D0:K1": 1,
        "T0:E0:K0": 1,
        "T0:E0:K1": 1,
        "T0:S0:K0": 1,
        "T0:S0:K1": 1
    },
    "arcs": [
        [
            "T0",
            "D0",
            "K0"
        ],
        [
            "T0",
            "D0",
            "K1"
        ],
        [
            "T0",
            "S0",
            "K0"
        ],
        [
            "T0",
            "S0",
            "K1"
        ],
        [
            "T0",
            "E0",
            "K0"
        ],
        [
            "T0",
            "E0",
            "K1"
        ],
        [
            "D0",
            "T0",
            "K0"
        ],
        [
            "D0",
            "T0",
            "K1"
        ],
        [
            "D0",
            "S0",
            "K0"
        ],
        [
            "D0",
            "S0",
            "K1"
        ],
        [
            "D0",
            "E0",
            "K0"
        ],
        [
            "D0",
            "E0",
            "K1"
        ],
        [
            "S0",
            "T0",
            "K0"
        ],
        [
            "S0",
            "T0",
            "K1"
        ],
        [
            "S0",
            "D0",
            "K0"
        ],
        [
            "S0",
            "D0",
            "K1"
        ],
        [
            "S0",
            "E0",
            "K0"
        ],
        [
            "S0",
            "E0",
            "K1"
        ],
        [
            "E0",
            "T0",
            "K0"
        ],
        [
            "E0",
            "T0",
            "K1"
        ],
        [
            "E0",
            "D0",
            "K0"
        ],
        [
            "E0",
            "D0",
            "K1"
        ],
        [
            "E0",
            "S0",
            "K0"
        ],
        [
            "E0",
            "S0",
            "K1"
        ]
    ],
    "c": {
        "D0:E0": 0.0,
        "D0:S0": 0.0,
        "D0:T0": 76.10391693192572,
        "E0:D0": 0.0,
        "E0:S0": 0.0,
        "E0:T0": 76.10391693192572,
        "S0:D0": 0.0,
        "S0:E0": 0.0,
        "S0:T0": 76.10391693192572,
        "T0:D0": 76.10391693192572,
        "T0:E0": 76.10391693192572,
        "T0:S0": 76.10391693192572
    },
    "edges": [
        [
            "T0",
            "D0"
        ],
        [
            "T0",
            "S0"
        ],
        [
            "T0",
            "E0"
        ],
        [
            "D0",
            "T0"
        ],
        [
            "D0",
            "S0"
        ],
        [
            "D0",
            "E0"
        ],
        [
            "S0",
            "T0"
        ],
        [
            "S0",
            "D0"
        ],
        [
            "S0",
            "E0"
        ],
        [
            "E0",
            "T0"
        ],
        [
            "E0",
            "D0"
        ],
        [
            "E0",
            "S0"
        ]
    ],
    "f": {
        "D0:E0": 0.0,
        "D0:S0": 0.0,
        "D0:T0": 76.10391693192572,
        "E0:D0": 0.0,
        "E0:S0": 0.0,
        "E0:T0": 76.10391693192572,
        "S0:D0": 0.0,
        "S0:E0": 0.0,
        "S0:T0": 76.10391693192572,
        "T0:D0": 76.10391693192572,
        "T0:E0": 76.10391693192572,
        "T0:S0": 76.10391693192572
    },
    "k_y": [
        [
            "T0",
            "K0"
        ],
        [
            "T0",
            "K1"
        ]
    ],
    "noOfDepots": 1,
    "noOfRobots": 2,
    "noOfTasks": 1,
    "thisSeed": 1715187325396867643,
    "vel": 1
}