{
    "D": [
        "D0"
    ],
    "D_loc": {
        "D0": [
            50.53434703273238,
            39.12773089831383
        ]
    },
    "E": [
        "E0"
    ],
    "E_loc": {
        "E0": [
            50.53434703273238,
            39.12773089831383
        ]
    },
    "K": [
        "K0",
        "K1"
    ],
    "L": 55,
    "N": [
        "T0",
        "D0",
        "S0",
        "E0"
    ],
    "N_loc": {
        "D0": [
            50.53434703273238,
            39.12773089831383
        ],
        "E0": [
            50.53434703273238,
            39.12773089831383
        ],
        "S0": [
            50.53434703273238,
            39.12773089831383
        ],
        "T0": [
            11.551549317437948,
            35.49154072913235
        ]
    },
    "S": [
        "S0"
    ],
    "S_loc": {
        "S0": [
            50.53434703273238,
            39.12773089831383
        ]
    },
    "T": [
        "T0"
    ],
    "T_loc": {
        "T0": [
            11.551549317437948,
            35.49154072913235
        ]
    },
    "T_max": 50,
    "arc_ub": {
        "D0:E0:K0": 1,
        "D0:E0:K1": 1,
        "D0:S0:K0": 1,
        "D0:S0:K1": 1,
        "D0:T0:K0": 1,
        "D0:T0:K1": 1,
        "E0:D0:K0": 1,
        "E0:D0:K1": 1,
        "E0:S0:K0": 1,
        "E0:S0:K1": 1,
        "E0:T0:K0": 1,
        "E0:T0:K1": 1,
        "S0:D0:K0": 1,
        "S0:D0:K1": 1,
        "S0:E0:K0": 1,
        "S0:E0:K1": 1,
        "S0:T0:K0": 1,
        "S0:T0:K1": 1,
        "T0:D0:K0": 1,
        "T0:D0:K1": 1,
        "T0:E0:K0": 1,
        "T0:E0:K1": 1,
        "T0:S0:K0": 1,
        "T0:S0:K1": 1
    },
    "arcs": [
        [
            "T0",
            "D0",
            "K0"
        ],
        [
            "T0",
            "D0",
            "K1"
        ],
        [
            "T0",
            "S0",
            "K0"
        ],
        [
            "T0",
            "S0",
            "K1"
        ],
        [
            "T0",
            "E0",
            "K0"
        ],
        [
            "T0",
            "E0",
            "K1"
        ],
        [
            "D0",
            "T0",
            "K0"
        ],
        [
            "D0",
            "T0",
            "K1"
        ],
        [
            "D0",
            "S0",
            "K0"
        ],
        [
            "D0",
            "S0",
            "K1"
        ],
        [
            "D0",
            "E0",
            "K0"
        ],
        [
            "D0",
            "E0",
            "K1"
        ],
        [
            "S0",
            "T0",
            "K0"
        ],
        [
            "S0",
            "T0",
            "K1"
        ],
        [
            "S0",
            "D0",
            "K0"
        ],
        [
            "S0",
            "D0",
            "K1"
        ],
        [
            "S0",
            "E0",
            "K0"
        ],
        [
            "S0",
            "E0",
            "K1"
        ],
        [
            "E0",
            "T0",
            "K0"
        ],
        [
            "E0",
            "T0",
            "K1"
        ],
        [
            "E0",
            "D0",
            "K0"
        ],
        [
            "E0",
            "D0",
            "K1"
        ],
        [
            "E0",
            "S0",
            "K0"
        ],
        [
            "E0",
            "S0",
            "K1"
        ]
    ],
    "c": {
        "D0:E0": 0.0,
        "D0:S0": 0.0,
        "D0:T0": 39.15201650819555,
        "E0:D0": 0.0,
        "E0:S0": 0.0,
        "E0:T0": 39.15201650819555,
        "S0:D0": 0.0,
        "S0:E0": 0.0,
        "S0:T0": 39.15201650819555,
        "T0:D0": 39.15201650819555,
        "T0:E0": 39.15201650819555,
        "T0:S0": 39.15201650819555
    },
    "edges": [
        [
            "T0",
            "D0"
        ],
        [
            "T0",
            "S0"
        ],
        [
            "T0",
            "E0"
        ],
        [
            "D0",
            "T0"
        ],
        [
            "D0",
            "S0"
        ],
        [
            "D0",
            "E0"
        ],
        [
            "S0",
            "T0"
        ],
        [
            "S0",
            "D0"
        ],
        [
            "S0",
            "E0"
        ],
        [
            "E0",
            "T0"
        ],
        [
            "E0",
            "D0"
        ],
        [
            "E0",
            "S0"
        ]
    ],
    "f": {
        "D0:E0": 0.0,
        "D0:S0": 0.0,
        "D0:T0": 39.15201650819555,
        "E0:D0": 0.0,
        "E0:S0": 0.0,
        "E0:T0": 39.15201650819555,
        "S0:D0": 0.0,
        "S0:E0": 0.0,
        "S0:T0": 39.15201650819555,
        "T0:D0": 39.15201650819555,
        "T0:E0": 39.15201650819555,
        "T0:S0": 39.15201650819555
    },
    "iteration": 1,
    "k_y": [
        [
            "T0",
            "K0"
        ],
        [
            "T0",
            "K1"
        ]
    ],
    "noOfDepots": 1,
    "noOfRobots": 2,
    "noOfTasks": 1,
    "thisSeed": 4314256413493235542,
    "vel": 1
}