{
    "D": [
        "D0"
    ],
    "D_loc": {
        "D0": [
            20.97746579723675,
            77.5445764598367
        ]
    },
    "E": [
        "E0"
    ],
    "E_loc": {
        "E0": [
            20.97746579723675,
            77.5445764598367
        ]
    },
    "K": [
        "K0",
        "K1"
    ],
    "L": 55,
    "N": [
        "T0",
        "D0",
        "S0",
        "E0"
    ],
    "N_loc": {
        "D0": [
            20.97746579723675,
            77.5445764598367
        ],
        "E0": [
            20.97746579723675,
            77.5445764598367
        ],
        "S0": [
            20.97746579723675,
            77.5445764598367
        ],
        "T0": [
            19.30726892546427,
            95.59771885875008
        ]
    },
    "S": [
        "S0"
    ],
    "S_loc": {
        "S0": [
            20.97746579723675,
            77.5445764598367
        ]
    },
    "T": [
        "T0"
    ],
    "T_loc": {
        "T0": [
            19.30726892546427,
            95.59771885875008
        ]
    },
    "T_max": 50,
    "arc_ub": {
        "D0:E0:K0": 1,
        "D0:E0:K1": 1,
        "D0:S0:K0": 1,
        "D0:S0:K1": 1,
        "D0:T0:K0": 1,
        "D0:T0:K1": 1,
        "E0:D0:K0": 1,
        "E0:D0:K1": 1,
        "E0:S0:K0": 1,
        "E0:S0:K1": 1,
        "E0:T0:K0": 1,
        "E0:T0:K1": 1,
        "S0:D0:K0": 1,
        "S0:D0:K1": 1,
        "S0:E0:K0": 1,
        "S0:E0:K1": 1,
        "S0:T0:K0": 1,
        "S0:T0:K1": 1,
        "T0:D0:K0": 1,
        "T0:D0:K1": 1,
        "T0:E0:K0": 1,
        "T0:E0:K1": 1,
        "T0:S0:K0": 1,
        "T0:S0:K1": 1
    },
    "arcs": [
        [
            "T0",
            "D0",
            "K0"
        ],
        [
            "T0",
            "D0",
            "K1"
        ],
        [
            "T0",
            "S0",
            "K0"
        ],
        [
            "T0",
            "S0",
            "K1"
        ],
        [
            "T0",
            "E0",
            "K0"
        ],
        [
            "T0",
            "E0",
            "K1"
        ],
        [
            "D0",
            "T0",
            "K0"
        ],
        [
            "D0",
            "T0",
            "K1"
        ],
        [
            "D0",
            "S0",
            "K0"
        ],
        [
            "D0",
            "S0",
            "K1"
        ],
        [
            "D0",
            "E0",
            "K0"
        ],
        [
            "D0",
            "E0",
            "K1"
        ],
        [
            "S0",
            "T0",
            "K0"
        ],
        [
            "S0",
            "T0",
            "K1"
        ],
        [
            "S0",
            "D0",
            "K0"
        ],
        [
            "S0",
            "D0",
            "K1"
        ],
        [
            "S0",
            "E0",
            "K0"
        ],
        [
            "S0",
            "E0",
            "K1"
        ],
        [
            "E0",
            "T0",
            "K0"
        ],
        [
            "E0",
            "T0",
            "K1"
        ],
        [
            "E0",
            "D0",
            "K0"
        ],
        [
            "E0",
            "D0",
            "K1"
        ],
        [
            "E0",
            "S0",
            "K0"
        ],
        [
            "E0",
            "S0",
            "K1"
        ]
    ],
    "c": {
        "D0:E0": 0.0,
        "D0:S0": 0.0,
        "D0:T0": 18.13023739684405,
        "E0:D0": 0.0,
        "E0:S0": 0.0,
        "E0:T0": 18.13023739684405,
        "S0:D0": 0.0,
        "S0:E0": 0.0,
        "S0:T0": 18.13023739684405,
        "T0:D0": 18.13023739684405,
        "T0:E0": 18.13023739684405,
        "T0:S0": 18.13023739684405
    },
    "edges": [
        [
            "T0",
            "D0"
        ],
        [
            "T0",
            "S0"
        ],
        [
            "T0",
            "E0"
        ],
        [
            "D0",
            "T0"
        ],
        [
            "D0",
            "S0"
        ],
        [
            "D0",
            "E0"
        ],
        [
            "S0",
            "T0"
        ],
        [
            "S0",
            "D0"
        ],
        [
            "S0",
            "E0"
        ],
        [
            "E0",
            "T0"
        ],
        [
            "E0",
            "D0"
        ],
        [
            "E0",
            "S0"
        ]
    ],
    "f": {
        "D0:E0": 0.0,
        "D0:S0": 0.0,
        "D0:T0": 18.13023739684405,
        "E0:D0": 0.0,
        "E0:S0": 0.0,
        "E0:T0": 18.13023739684405,
        "S0:D0": 0.0,
        "S0:E0": 0.0,
        "S0:T0": 18.13023739684405,
        "T0:D0": 18.13023739684405,
        "T0:E0": 18.13023739684405,
        "T0:S0": 18.13023739684405
    },
    "iteration": 0,
    "k_y": [
        [
            "T0",
            "K0"
        ],
        [
            "T0",
            "K1"
        ]
    ],
    "noOfDepots": 1,
    "noOfRobots": 2,
    "noOfTasks": 1,
    "thisSeed": 4689015533932084812,
    "vel": 1
}