{
    "D": [
        "D0"
    ],
    "D_loc": {
        "D0": [
            54.82899396151405,
            42.176052994118116
        ]
    },
    "E": [
        "E0"
    ],
    "E_loc": {
        "E0": [
            54.82899396151405,
            42.176052994118116
        ]
    },
    "K": [
        "K0",
        "K1"
    ],
    "L": 60,
    "N": [
        "T0",
        "D0",
        "S0",
        "E0"
    ],
    "N_loc": {
        "D0": [
            54.82899396151405,
            42.176052994118116
        ],
        "E0": [
            54.82899396151405,
            42.176052994118116
        ],
        "S0": [
            54.82899396151405,
            42.176052994118116
        ],
        "T0": [
            68.64744139132314,
            59.912294461709706
        ]
    },
    "S": [
        "S0"
    ],
    "S_loc": {
        "S0": [
            54.82899396151405,
            42.176052994118116
        ]
    },
    "T": [
        "T0"
    ],
    "T_loc": {
        "T0": [
            68.64744139132314,
            59.912294461709706
        ]
    },
    "T_max": 60,
    "arc_ub": {
        "D0:E0:K0": 1,
        "D0:E0:K1": 1,
        "D0:S0:K0": 1,
        "D0:S0:K1": 1,
        "D0:T0:K0": 1,
        "D0:T0:K1": 1,
        "E0:D0:K0": 1,
        "E0:D0:K1": 1,
        "E0:S0:K0": 1,
        "E0:S0:K1": 1,
        "E0:T0:K0": 1,
        "E0:T0:K1": 1,
        "S0:D0:K0": 1,
        "S0:D0:K1": 1,
        "S0:E0:K0": 1,
        "S0:E0:K1": 1,
        "S0:T0:K0": 1,
        "S0:T0:K1": 1,
        "T0:D0:K0": 1,
        "T0:D0:K1": 1,
        "T0:E0:K0": 1,
        "T0:E0:K1": 1,
        "T0:S0:K0": 1,
        "T0:S0:K1": 1
    },
    "arcs": [
        [
            "T0",
            "D0",
            "K0"
        ],
        [
            "T0",
            "D0",
            "K1"
        ],
        [
            "T0",
            "S0",
            "K0"
        ],
        [
            "T0",
            "S0",
            "K1"
        ],
        [
            "T0",
            "E0",
            "K0"
        ],
        [
            "T0",
            "E0",
            "K1"
        ],
        [
            "D0",
            "T0",
            "K0"
        ],
        [
            "D0",
            "T0",
            "K1"
        ],
        [
            "D0",
            "S0",
            "K0"
        ],
        [
            "D0",
            "S0",
            "K1"
        ],
        [
            "D0",
            "E0",
            "K0"
        ],
        [
            "D0",
            "E0",
            "K1"
        ],
        [
            "S0",
            "T0",
            "K0"
        ],
        [
            "S0",
            "T0",
            "K1"
        ],
        [
            "S0",
            "D0",
            "K0"
        ],
        [
            "S0",
            "D0",
            "K1"
        ],
        [
            "S0",
            "E0",
            "K0"
        ],
        [
            "S0",
            "E0",
            "K1"
        ],
        [
            "E0",
            "T0",
            "K0"
        ],
        [
            "E0",
            "T0",
            "K1"
        ],
        [
            "E0",
            "D0",
            "K0"
        ],
        [
            "E0",
            "D0",
            "K1"
        ],
        [
            "E0",
            "S0",
            "K0"
        ],
        [
            "E0",
            "S0",
            "K1"
        ]
    ],
    "c": {
        "D0:E0": 0.0,
        "D0:S0": 0.0,
        "D0:T0": 22.48385533593189,
        "E0:D0": 0.0,
        "E0:S0": 0.0,
        "E0:T0": 22.48385533593189,
        "S0:D0": 0.0,
        "S0:E0": 0.0,
        "S0:T0": 22.48385533593189,
        "T0:D0": 22.48385533593189,
        "T0:E0": 22.48385533593189,
        "T0:S0": 22.48385533593189
    },
    "edges": [
        [
            "T0",
            "D0"
        ],
        [
            "T0",
            "S0"
        ],
        [
            "T0",
            "E0"
        ],
        [
            "D0",
            "T0"
        ],
        [
            "D0",
            "S0"
        ],
        [
            "D0",
            "E0"
        ],
        [
            "S0",
            "T0"
        ],
        [
            "S0",
            "D0"
        ],
        [
            "S0",
            "E0"
        ],
        [
            "E0",
            "T0"
        ],
        [
            "E0",
            "D0"
        ],
        [
            "E0",
            "S0"
        ]
    ],
    "f": {
        "D0:E0": 0.0,
        "D0:S0": 0.0,
        "D0:T0": 22.48385533593189,
        "E0:D0": 0.0,
        "E0:S0": 0.0,
        "E0:T0": 22.48385533593189,
        "S0:D0": 0.0,
        "S0:E0": 0.0,
        "S0:T0": 22.48385533593189,
        "T0:D0": 22.48385533593189,
        "T0:E0": 22.48385533593189,
        "T0:S0": 22.48385533593189
    },
    "k_y": [
        [
            "T0",
            "K0"
        ],
        [
            "T0",
            "K1"
        ]
    ],
    "noOfDepots": 1,
    "noOfRobots": 2,
    "noOfTasks": 1,
    "thisSeed": 8622137384051692140,
    "vel": 1
}