{
    "D": [
        "D0"
    ],
    "D_loc": {
        "D0": [
            51.78305254643656,
            46.06161969240079
        ]
    },
    "E": [
        "E0"
    ],
    "E_loc": {
        "E0": [
            51.78305254643656,
            46.06161969240079
        ]
    },
    "K": [
        "K0",
        "K1"
    ],
    "L": 60,
    "N": [
        "T0",
        "D0",
        "S0",
        "E0"
    ],
    "N_loc": {
        "D0": [
            51.78305254643656,
            46.06161969240079
        ],
        "E0": [
            51.78305254643656,
            46.06161969240079
        ],
        "S0": [
            51.78305254643656,
            46.06161969240079
        ],
        "T0": [
            86.08231703165997,
            18.288286144938382
        ]
    },
    "S": [
        "S0"
    ],
    "S_loc": {
        "S0": [
            51.78305254643656,
            46.06161969240079
        ]
    },
    "T": [
        "T0"
    ],
    "T_loc": {
        "T0": [
            86.08231703165997,
            18.288286144938382
        ]
    },
    "T_max": 60,
    "arc_ub": {
        "D0:E0:K0": 1,
        "D0:E0:K1": 1,
        "D0:S0:K0": 1,
        "D0:S0:K1": 1,
        "D0:T0:K0": 1,
        "D0:T0:K1": 1,
        "E0:D0:K0": 1,
        "E0:D0:K1": 1,
        "E0:S0:K0": 1,
        "E0:S0:K1": 1,
        "E0:T0:K0": 1,
        "E0:T0:K1": 1,
        "S0:D0:K0": 1,
        "S0:D0:K1": 1,
        "S0:E0:K0": 1,
        "S0:E0:K1": 1,
        "S0:T0:K0": 1,
        "S0:T0:K1": 1,
        "T0:D0:K0": 1,
        "T0:D0:K1": 1,
        "T0:E0:K0": 1,
        "T0:E0:K1": 1,
        "T0:S0:K0": 1,
        "T0:S0:K1": 1
    },
    "arcs": [
        [
            "T0",
            "D0",
            "K0"
        ],
        [
            "T0",
            "D0",
            "K1"
        ],
        [
            "T0",
            "S0",
            "K0"
        ],
        [
            "T0",
            "S0",
            "K1"
        ],
        [
            "T0",
            "E0",
            "K0"
        ],
        [
            "T0",
            "E0",
            "K1"
        ],
        [
            "D0",
            "T0",
            "K0"
        ],
        [
            "D0",
            "T0",
            "K1"
        ],
        [
            "D0",
            "S0",
            "K0"
        ],
        [
            "D0",
            "S0",
            "K1"
        ],
        [
            "D0",
            "E0",
            "K0"
        ],
        [
            "D0",
            "E0",
            "K1"
        ],
        [
            "S0",
            "T0",
            "K0"
        ],
        [
            "S0",
            "T0",
            "K1"
        ],
        [
            "S0",
            "D0",
            "K0"
        ],
        [
            "S0",
            "D0",
            "K1"
        ],
        [
            "S0",
            "E0",
            "K0"
        ],
        [
            "S0",
            "E0",
            "K1"
        ],
        [
            "E0",
            "T0",
            "K0"
        ],
        [
            "E0",
            "T0",
            "K1"
        ],
        [
            "E0",
            "D0",
            "K0"
        ],
        [
            "E0",
            "D0",
            "K1"
        ],
        [
            "E0",
            "S0",
            "K0"
        ],
        [
            "E0",
            "S0",
            "K1"
        ]
    ],
    "c": {
        "D0:E0": 0.0,
        "D0:S0": 0.0,
        "D0:T0": 44.13386002340956,
        "E0:D0": 0.0,
        "E0:S0": 0.0,
        "E0:T0": 44.13386002340956,
        "S0:D0": 0.0,
        "S0:E0": 0.0,
        "S0:T0": 44.13386002340956,
        "T0:D0": 44.13386002340956,
        "T0:E0": 44.13386002340956,
        "T0:S0": 44.13386002340956
    },
    "edges": [
        [
            "T0",
            "D0"
        ],
        [
            "T0",
            "S0"
        ],
        [
            "T0",
            "E0"
        ],
        [
            "D0",
            "T0"
        ],
        [
            "D0",
            "S0"
        ],
        [
            "D0",
            "E0"
        ],
        [
            "S0",
            "T0"
        ],
        [
            "S0",
            "D0"
        ],
        [
            "S0",
            "E0"
        ],
        [
            "E0",
            "T0"
        ],
        [
            "E0",
            "D0"
        ],
        [
            "E0",
            "S0"
        ]
    ],
    "f": {
        "D0:E0": 0.0,
        "D0:S0": 0.0,
        "D0:T0": 44.13386002340956,
        "E0:D0": 0.0,
        "E0:S0": 0.0,
        "E0:T0": 44.13386002340956,
        "S0:D0": 0.0,
        "S0:E0": 0.0,
        "S0:T0": 44.13386002340956,
        "T0:D0": 44.13386002340956,
        "T0:E0": 44.13386002340956,
        "T0:S0": 44.13386002340956
    },
    "k_y": [
        [
            "T0",
            "K0"
        ],
        [
            "T0",
            "K1"
        ]
    ],
    "noOfDepots": 1,
    "noOfRobots": 2,
    "noOfTasks": 1,
    "thisSeed": 6543675938498927455,
    "vel": 1
}