{
    "D": [
        "D0"
    ],
    "D_loc": {
        "D0": [
            29.493939930291766,
            51.85345127876256
        ]
    },
    "E": [
        "E0"
    ],
    "E_loc": {
        "E0": [
            29.493939930291766,
            51.85345127876256
        ]
    },
    "K": [
        "K0",
        "K1"
    ],
    "L": 60,
    "N": [
        "T0",
        "D0",
        "S0",
        "E0"
    ],
    "N_loc": {
        "D0": [
            29.493939930291766,
            51.85345127876256
        ],
        "E0": [
            29.493939930291766,
            51.85345127876256
        ],
        "S0": [
            29.493939930291766,
            51.85345127876256
        ],
        "T0": [
            55.431102278616336,
            49.50352124914309
        ]
    },
    "S": [
        "S0"
    ],
    "S_loc": {
        "S0": [
            29.493939930291766,
            51.85345127876256
        ]
    },
    "T": [
        "T0"
    ],
    "T_loc": {
        "T0": [
            55.431102278616336,
            49.50352124914309
        ]
    },
    "T_max": 60,
    "arc_ub": {
        "D0:E0:K0": 1,
        "D0:E0:K1": 1,
        "D0:S0:K0": 1,
        "D0:S0:K1": 1,
        "D0:T0:K0": 1,
        "D0:T0:K1": 1,
        "E0:D0:K0": 1,
        "E0:D0:K1": 1,
        "E0:S0:K0": 1,
        "E0:S0:K1": 1,
        "E0:T0:K0": 1,
        "E0:T0:K1": 1,
        "S0:D0:K0": 1,
        "S0:D0:K1": 1,
        "S0:E0:K0": 1,
        "S0:E0:K1": 1,
        "S0:T0:K0": 1,
        "S0:T0:K1": 1,
        "T0:D0:K0": 1,
        "T0:D0:K1": 1,
        "T0:E0:K0": 1,
        "T0:E0:K1": 1,
        "T0:S0:K0": 1,
        "T0:S0:K1": 1
    },
    "arcs": [
        [
            "T0",
            "D0",
            "K0"
        ],
        [
            "T0",
            "D0",
            "K1"
        ],
        [
            "T0",
            "S0",
            "K0"
        ],
        [
            "T0",
            "S0",
            "K1"
        ],
        [
            "T0",
            "E0",
            "K0"
        ],
        [
            "T0",
            "E0",
            "K1"
        ],
        [
            "D0",
            "T0",
            "K0"
        ],
        [
            "D0",
            "T0",
            "K1"
        ],
        [
            "D0",
            "S0",
            "K0"
        ],
        [
            "D0",
            "S0",
            "K1"
        ],
        [
            "D0",
            "E0",
            "K0"
        ],
        [
            "D0",
            "E0",
            "K1"
        ],
        [
            "S0",
            "T0",
            "K0"
        ],
        [
            "S0",
            "T0",
            "K1"
        ],
        [
            "S0",
            "D0",
            "K0"
        ],
        [
            "S0",
            "D0",
            "K1"
        ],
        [
            "S0",
            "E0",
            "K0"
        ],
        [
            "S0",
            "E0",
            "K1"
        ],
        [
            "E0",
            "T0",
            "K0"
        ],
        [
            "E0",
            "T0",
            "K1"
        ],
        [
            "E0",
            "D0",
            "K0"
        ],
        [
            "E0",
            "D0",
            "K1"
        ],
        [
            "E0",
            "S0",
            "K0"
        ],
        [
            "E0",
            "S0",
            "K1"
        ]
    ],
    "c": {
        "D0:E0": 0.0,
        "D0:S0": 0.0,
        "D0:T0": 26.043397662890552,
        "E0:D0": 0.0,
        "E0:S0": 0.0,
        "E0:T0": 26.043397662890552,
        "S0:D0": 0.0,
        "S0:E0": 0.0,
        "S0:T0": 26.043397662890552,
        "T0:D0": 26.043397662890552,
        "T0:E0": 26.043397662890552,
        "T0:S0": 26.043397662890552
    },
    "edges": [
        [
            "T0",
            "D0"
        ],
        [
            "T0",
            "S0"
        ],
        [
            "T0",
            "E0"
        ],
        [
            "D0",
            "T0"
        ],
        [
            "D0",
            "S0"
        ],
        [
            "D0",
            "E0"
        ],
        [
            "S0",
            "T0"
        ],
        [
            "S0",
            "D0"
        ],
        [
            "S0",
            "E0"
        ],
        [
            "E0",
            "T0"
        ],
        [
            "E0",
            "D0"
        ],
        [
            "E0",
            "S0"
        ]
    ],
    "f": {
        "D0:E0": 0.0,
        "D0:S0": 0.0,
        "D0:T0": 26.043397662890552,
        "E0:D0": 0.0,
        "E0:S0": 0.0,
        "E0:T0": 26.043397662890552,
        "S0:D0": 0.0,
        "S0:E0": 0.0,
        "S0:T0": 26.043397662890552,
        "T0:D0": 26.043397662890552,
        "T0:E0": 26.043397662890552,
        "T0:S0": 26.043397662890552
    },
    "k_y": [
        [
            "T0",
            "K0"
        ],
        [
            "T0",
            "K1"
        ]
    ],
    "noOfDepots": 1,
    "noOfRobots": 2,
    "noOfTasks": 1,
    "thisSeed": 5365323386049718678,
    "vel": 1
}